PRAGMA foreign_keys=OFF;
BEGIN TRANSACTION;
CREATE TABLE AddressLinkTable (LinkID INTEGER PRIMARY KEY, OwnerType INTEGER, AddressID INTEGER, OwnerID INTEGER, AddressNum INTEGER, Details TEXT, UTCModDate FLOAT );
INSERT INTO AddressLinkTable VALUES(1,3,1,1,0,'',45823.72482349537312);
INSERT INTO AddressLinkTable VALUES(2,3,1,2,0,'',45823.7278429282378);
INSERT INTO AddressLinkTable VALUES(3,3,1,3,0,'',45823.72939605324064);
CREATE TABLE AddressTable (AddressID INTEGER PRIMARY KEY, AddressType INTEGER, Name TEXT COLLATE RMNOCASE, Street1 TEXT, Street2 TEXT, City TEXT, State TEXT, Zip TEXT, Country TEXT, Phone1 TEXT, Phone2 TEXT, Fax TEXT, Email TEXT, URL TEXT, Latitude INTEGER, Longitude INTEGER, Note TEXT, UTCModDate FLOAT );
INSERT INTO AddressTable VALUES(1,1,'repository 1','repository 1  addr1','repository 1 addr2','repository 1 city','repository 1 state','repository 1 code','repository 1 country','repository 1 phone','repository 1 cphone','repository 1 fax','repository 1 email','http://repository%201%20site',0,0,'repository 1 NOTE',45823.72482336805843);
INSERT INTO AddressTable VALUES(2,0,'addr 1','addr 1 addr1','addr 1 addr2','addr 1 city','addr 1 state','addr 1 phone','addr 1 country','addr 1 phone','addr 1 cphone','addr 1 fax','addr 1 email','http://addr%201%20site',0,0,'addr 1 NOTE',45823.72761318286939);
INSERT INTO AddressTable VALUES(3,1,'repository 2','repository 2 addr1','repository 2 addr2','repository 2 city','repository 2 state','repository 2 code','repository 2 country','repository 2 phone','repository 2 cphone','repository 2 fax','repository 2 email','http://repository%202%20site',0,0,'repository 2 note',45823.73060090277431);
CREATE TABLE AncestryTable (LinkID INTEGER PRIMARY KEY, LinkType INTEGER, rmID INTEGER, anID TEXT, Modified INTEGER, anVersion TEXT, anDate FLOAT, Status INTEGER, UTCModDate FLOAT, TreeID TEXT);
CREATE TABLE ChildTable (RecID INTEGER PRIMARY KEY, ChildID INTEGER, FamilyID INTEGER, RelFather INTEGER, RelMother INTEGER, ChildOrder INTEGER, IsPrivate INTEGER, ProofFather INTEGER, ProofMother INTEGER, Note TEXT, UTCModDate FLOAT );
INSERT INTO ChildTable VALUES(1,3,1,0,0,1000,0,0,0,'',45823.20632843750355);
CREATE TABLE CitationLinkTable (LinkID INTEGER PRIMARY KEY, CitationID INTEGER, OwnerType INTEGER, OwnerID INTEGER, SortOrder INTEGER, Quality TEXT, IsPrivate INTEGER, Flags INTEGER, UTCModDate FLOAT );
INSERT INTO CitationLinkTable VALUES(1,1,2,1,0,'~~~',0,0,45823.95679947916505);
INSERT INTO CitationLinkTable VALUES(2,6,2,2,0,'~~~',0,0,45824.04450629629719);
INSERT INTO CitationLinkTable VALUES(4,5,2,2,0,'~~~',0,0,45824.04508113425981);
INSERT INTO CitationLinkTable VALUES(5,4,2,2,0,'~~~',0,0,45824.04515820601955);
INSERT INTO CitationLinkTable VALUES(6,3,2,2,0,'~~~',0,0,45824.04528331018809);
INSERT INTO CitationLinkTable VALUES(7,10,2,2,0,'~~~',0,0,45824.04536834490864);
INSERT INTO CitationLinkTable VALUES(8,9,2,2,0,'~~~',0,0,45824.04544122685183);
INSERT INTO CitationLinkTable VALUES(9,8,2,2,0,'~~~',0,0,45824.04552581018651);
INSERT INTO CitationLinkTable VALUES(10,7,2,2,0,'~~~',0,0,45824.04558386574353);
INSERT INTO CitationLinkTable VALUES(11,3,2,5,0,'~~~',0,0,45824.98764884259435);
INSERT INTO CitationLinkTable VALUES(12,4,2,5,0,'~~~',0,0,45824.98775837962603);
INSERT INTO CitationLinkTable VALUES(13,5,2,5,0,'~~~',0,0,45824.98787760416599);
INSERT INTO CitationLinkTable VALUES(14,6,2,5,0,'~~~',0,0,45824.98799944444182);
INSERT INTO CitationLinkTable VALUES(15,7,2,4,0,'~~~',0,0,45824.98816958333191);
INSERT INTO CitationLinkTable VALUES(16,8,2,4,0,'~~~',0,0,45824.98826798611116);
INSERT INTO CitationLinkTable VALUES(17,9,2,4,0,'~~~',0,0,45824.98834087963042);
INSERT INTO CitationLinkTable VALUES(18,6,2,4,0,'~~~',0,0,45824.98844055555673);
INSERT INTO CitationLinkTable VALUES(19,1,2,6,0,'~~~',0,0,45824.98884732638544);
INSERT INTO CitationLinkTable VALUES(20,2,2,6,0,'~~~',0,0,45824.98897064814809);
INSERT INTO CitationLinkTable VALUES(21,7,2,3,0,'~~~',0,0,45824.98924609953974);
INSERT INTO CitationLinkTable VALUES(22,3,7,5,0,'~~~',0,0,45825.19471431712737);
INSERT INTO CitationLinkTable VALUES(23,4,7,5,0,'~~~',0,0,45825.19479417824187);
INSERT INTO CitationLinkTable VALUES(24,5,7,5,0,'~~~',0,0,45825.19492592592724);
INSERT INTO CitationLinkTable VALUES(27,6,7,6,0,'~~~',0,0,45835.85429924768687);
INSERT INTO CitationLinkTable VALUES(28,5,7,6,0,'~~~',0,0,45835.85442777777644);
INSERT INTO CitationLinkTable VALUES(29,4,7,6,0,'~~~',0,0,45835.8545759953704);
INSERT INTO CitationLinkTable VALUES(30,3,7,7,0,'~~~',0,0,45835.86790491898137);
INSERT INTO CitationLinkTable VALUES(31,3,7,4,0,'~~~',0,0,45835.87059622685047);
INSERT INTO CitationLinkTable VALUES(32,4,7,4,0,'~~~',0,0,45835.87072237268877);
INSERT INTO CitationLinkTable VALUES(33,3,7,3,0,'~~~',0,0,45835.89558372685133);
INSERT INTO CitationLinkTable VALUES(34,4,7,3,0,'~~~',0,0,45835.89567701389023);
INSERT INTO CitationLinkTable VALUES(35,3,2,7,0,'~~~',0,0,45837.10192788194399);
INSERT INTO CitationLinkTable VALUES(36,4,2,7,0,'~~~',0,0,45837.10207282407645);
INSERT INTO CitationLinkTable VALUES(37,5,2,7,0,'~~~',0,0,45837.10214513888786);
INSERT INTO CitationLinkTable VALUES(38,3,0,4,0,'~~~',0,0,45839.01303197916423);
INSERT INTO CitationLinkTable VALUES(39,4,0,4,0,'~~~',0,0,45839.01313781250064);
INSERT INTO CitationLinkTable VALUES(40,5,0,4,0,'~~~',0,0,45839.01322782407079);
INSERT INTO CitationLinkTable VALUES(41,3,0,3,0,'~~~',0,0,45839.01347692129639);
CREATE TABLE CitationTable (CitationID INTEGER PRIMARY KEY, SourceID INTEGER, Comments TEXT, ActualText TEXT, RefNumber TEXT, Footnote TEXT, ShortFootnote TEXT, Bibliography TEXT, Fields BLOB, UTCModDate FLOAT, CitationName TEXT COLLATE RMNOCASE );
INSERT INTO CitationTable VALUES(1,1,'Cit 1 Src 1 field DETAIL COMMENT NOTE','Cit 1 Src 1 field RESEARCH NOTE NOTE','','','','',X'3c526f6f743e3c4669656c64733e3c4669656c643e3c4e616d653e636974206669656c64203120746578743c2f4e616d653e3c56616c75653e4369742031205372632031206669656c6420313c2f56616c75653e3c2f4669656c643e3c4669656c643e3c4e616d653e636974206669656c64203220646174653c2f4e616d653e3c56616c75653e4369742031205372632031206669656c6420323c2f56616c75653e3c2f4669656c643e3c4669656c643e3c4e616d653e636974206669656c64203320706c6163653c2f4e616d653e3c56616c75653e4369742031205372632031206669656c6420333c2f56616c75653e3c2f4669656c643e3c4669656c643e3c4e616d653e636974206669656c642034206e616d653c2f4e616d653e3c56616c75653e4369742031205372632031206669656c6420343c2f56616c75653e3c2f4669656c643e3c2f4669656c64733e3c2f526f6f743e',45823.89571246528066,'Citation-1 in Source-1 based on _test-template-1');
INSERT INTO CitationTable VALUES(2,1,'Cit 2 Src 1 field DETAIL COMMENT NOTE','Cit 2 Src 1 field RESEARCH NOTE NOTE','','','','',X'3c526f6f743e3c4669656c64733e3c4669656c643e3c4e616d653e636974206669656c64203120746578743c2f4e616d653e3c56616c75653e4369742032205372632031206669656c6420313c2f56616c75653e3c2f4669656c643e3c4669656c643e3c4e616d653e636974206669656c64203220646174653c2f4e616d653e3c56616c75653e4369742032205372632031206669656c6420323c2f56616c75653e3c2f4669656c643e3c4669656c643e3c4e616d653e636974206669656c64203320706c6163653c2f4e616d653e3c56616c75653e4369742032205372632031206669656c6420333c2f56616c75653e3c2f4669656c643e3c4669656c643e3c4e616d653e636974206669656c642034206e616d653c2f4e616d653e3c56616c75653e4369742032205372632031206669656c6420343c2f56616c75653e3c2f4669656c643e3c2f4669656c64733e3c2f526f6f743e',45823.89594944444253,'Citation-2 in Source-1 based on _test-template-1');
INSERT INTO CitationTable VALUES(3,4,'','','','','','',X'3c526f6f743e3c4669656c64733e3c4669656c643e3c4e616d653e4974656d4f66496e7465726573743c2f4e616d653e3c56616c75653e3c2f56616c75653e3c2f4669656c643e3c2f4669656c64733e3c2f526f6f743e',45824.0389428703711,'Citation-1 in Source-2 based on ATLAS');
INSERT INTO CitationTable VALUES(4,4,'','','','','','',X'3c526f6f743e3c4669656c64733e3c4669656c643e3c4e616d653e4974656d4f66496e7465726573743c2f4e616d653e3c56616c75653e3c2f56616c75653e3c2f4669656c643e3c2f4669656c64733e3c2f526f6f743e',45824.0391170833318,'Citation-2 in Source-2 based on ATLAS');
INSERT INTO CitationTable VALUES(5,4,'','','','','','',X'3c526f6f743e3c4669656c64733e3c4669656c643e3c4e616d653e4974656d4f66496e7465726573743c2f4e616d653e3c56616c75653e3c2f56616c75653e3c2f4669656c643e3c2f4669656c64733e3c2f526f6f743e',45824.03920597222168,'Citation-3 in Source-2 based on ATLAS');
INSERT INTO CitationTable VALUES(6,4,'','','','','','',X'3c526f6f743e3c4669656c64733e3c4669656c643e3c4e616d653e4974656d4f66496e7465726573743c2f4e616d653e3c56616c75653e3c2f56616c75653e3c2f4669656c643e3c2f4669656c64733e3c2f526f6f743e',45824.03929484953551,'Citation-4 in Source-2 based on ATLAS');
INSERT INTO CitationTable VALUES(7,5,'','','','','','',X'3c526f6f743e3c4669656c64733e3c4669656c643e3c4e616d653e4974656d4f66496e7465726573743c2f4e616d653e3c56616c75653e3c2f56616c75653e3c2f4669656c643e3c2f4669656c64733e3c2f526f6f743e',45824.04006265046337,'Citation-1 in Source-3 based on ATLAS');
INSERT INTO CitationTable VALUES(8,5,'','','','','','',X'3c526f6f743e3c4669656c64733e3c4669656c643e3c4e616d653e4974656d4f66496e7465726573743c2f4e616d653e3c56616c75653e3c2f56616c75653e3c2f4669656c643e3c2f4669656c64733e3c2f526f6f743e',45824.04006209490763,'Citation-2 in Source-3 based on ATLAS');
INSERT INTO CitationTable VALUES(9,5,'','','','','','',X'3c526f6f743e3c4669656c64733e3c4669656c643e3c4e616d653e4974656d4f66496e7465726573743c2f4e616d653e3c56616c75653e3c2f56616c75653e3c2f4669656c643e3c2f4669656c64733e3c2f526f6f743e',45824.04015787036769,'Citation-3 in Source-3 based on ATLAS');
INSERT INTO CitationTable VALUES(10,5,'','','','','','',X'3c526f6f743e3c4669656c64733e3c4669656c643e3c4e616d653e4974656d4f66496e7465726573743c2f4e616d653e3c56616c75653e3c2f56616c75653e3c2f4669656c643e3c2f4669656c64733e3c2f526f6f743e',45824.04025767360873,'Citation-4 in Source-3 based on ATLAS');
CREATE TABLE ConfigTable (RecID INTEGER PRIMARY KEY, RecType INTEGER, Title TEXT, DataRec BLOB, UTCModDate FLOAT );
INSERT INTO ConfigTable VALUES(1,1,'',X'3c526f6f743e3c56657273696f6e3e31303030303c2f56657273696f6e3e3c535456657273696f6e3e3730303c2f535456657273696f6e3e3c556e6971756549443e3336324539443730314435313443343538394145324436453645313333314431433546363c2f556e6971756549443e3c526f6f74506572736f6e3e313c2f526f6f74506572736f6e3e3c4c617374506572736f6e3e313c2f4c617374506572736f6e3e3c4c617374566965773e303c2f4c617374566965773e3c4c61737453696465566965773e303c2f4c61737453696465566965773e3c5374617274506572736f6e3e303c2f5374617274506572736f6e3e3c5374617274566965773e303c2f5374617274566965773e3c537461727453696465566965773e303c2f537461727453696465566965773e3c5375726e616d6555703e66616c73653c2f5375726e616d6555703e3c4c44534f7074696f6e733e66616c73653c2f4c44534f7074696f6e733e3c44617465466f726d61743e303c2f44617465466f726d61743e3c5265634e756d6265723e313c2f5265634e756d6265723e3c50726570617265724e616d653e3c2f50726570617265724e616d653e3c507265706172657241646472313e3c2f507265706172657241646472313e3c507265706172657241646472323e3c2f507265706172657241646472323e3c507265706172657241646472333e3c2f507265706172657241646472333e3c507265706172657250686f6e653e3c2f507265706172657250686f6e653e3c507265706172657243656c6c50686f6e653e3c2f507265706172657243656c6c50686f6e653e3c5072657061726572456d61696c3e3c2f5072657061726572456d61696c3e3c50726570617265724661783e3c2f50726570617265724661783e3c50726570617265725765623e3c2f50726570617265725765623e3c4c69766550726f626c656d733e747275653c2f4c69766550726f626c656d733e3c4465664c616e673e656e3c2f4465664c616e673e3c57656248696e745374617475733e313c2f57656248696e745374617475733e3c57656248696e74733e66616c73653c2f57656248696e74733e3c4d4848696e74733e747275653c2f4d4848696e74733e3c465348696e74733e747275653c2f465348696e74733e3c464d5048696e74733e747275653c2f464d5048696e74733e3c416e6348696e74733e747275653c2f416e6348696e74733e3c416e635265636f726448696e74733e747275653c2f416e635265636f726448696e74733e3c416e63506572736f6e48696e74733e747275653c2f416e63506572736f6e48696e74733e3c416e6350686f746f48696e74733e747275653c2f416e6350686f746f48696e74733e3c416e63436f6c6f72436f64653e747275653c2f416e63436f6c6f72436f64653e3c4d485265636f72644d6174636865733e747275653c2f4d485265636f72644d6174636865733e3c4d48536d6172744d6174636865733e747275653c2f4d48536d6172744d6174636865733e3c4d48436f6e666964656e63653e31303c2f4d48436f6e666964656e63653e3c4d4855736572456d61696c3e3c2f4d4855736572456d61696c3e3c46696c746572416e6365737472794c6973743e303c2f46696c746572416e6365737472794c6973743e3c4653436f6e666964656e63653e35303c2f4653436f6e666964656e63653e3c465346697865733e303c2f465346697865733e3c41504654313e313c2f41504654313e3c41504654323e323c2f41504654323e3c41504654333e343c2f41504654333e3c5245435354303e363c2f5245435354303e3c5245435354313e31303030303c2f5245435354313e3c5245435354323e31303030303c2f5245435354323e3c5245435354333e31303030303c2f5245435354333e3c524543525054303e727074437573746f6d5265706f72743c2f524543525054303e3c524543525054313e727074466163744c6973743c2f524543525054313e3c524543525054323e727074536f757263654c6973743c2f524543525054323e3c524543525054333e7270744647533c2f524543525054333e3c4d656d43697449443e353c2f4d656d43697449443e3c4e69636b6e616d6544656c696d3e313c2f4e69636b6e616d6544656c696d3e3c494749557365724e616d653e3c2f494749557365724e616d653e3c49474950617373776f72643e3c2f49474950617373776f72643e3c50656447656e733e353c2f50656447656e733e3c4465736347656e733e353c2f4465736347656e733e3c44657363424550533e747275653c2f44657363424550533e3c416c744e616d6573496e536964654c6973743e747275653c2f416c744e616d6573496e536964654c6973743e3c416c744e616d6573496e4578706c6f7265723e747275653c2f416c744e616d6573496e4578706c6f7265723e3c416c744e616d6573496e506572736f6e566965773e747275653c2f416c744e616d6573496e506572736f6e566965773e3c53686f7750696374757265733e747275653c2f53686f7750696374757265733e3c53686f77417661746172733e747275653c2f53686f77417661746172733e3c4442436f6c6f723e303c2f4442436f6c6f723e3c4269727468496e536964654c6973743e747275653c2f4269727468496e536964654c6973743e3c5265634e6f496e536964654c6973743e747275653c2f5265634e6f496e536964654c6973743e3c5065727356696577536f7274436f6c3e343c2f5065727356696577536f7274436f6c3e3c5065727356696577536f72744173633e747275653c2f5065727356696577536f72744173633e3c5065727356696577436f6c303e3c4669656c64547970653e313c2f4669656c64547970653e3c4576656e74547970653e303c2f4576656e74547970653e3c44617461547970653e303c2f44617461547970653e3c436f6c57696474683e33303c2f436f6c57696474683e3c2f5065727356696577436f6c303e3c5065727356696577436f6c313e3c4669656c64547970653e323c2f4669656c64547970653e3c4576656e74547970653e303c2f4576656e74547970653e3c44617461547970653e303c2f44617461547970653e3c436f6c57696474683e34303c2f436f6c57696474683e3c2f5065727356696577436f6c313e3c5065727356696577436f6c323e3c4669656c64547970653e31303030303c2f4669656c64547970653e3c4576656e74547970653e313c2f4576656e74547970653e3c44617461547970653e313c2f44617461547970653e3c436f6c57696474683e38303c2f436f6c57696474683e3c2f5065727356696577436f6c323e3c5065727356696577436f6c333e3c4669656c64547970653e31303030303c2f4669656c64547970653e3c4576656e74547970653e313c2f4576656e74547970653e3c44617461547970653e323c2f44617461547970653e3c436f6c57696474683e3230303c2f436f6c57696474683e3c2f5065727356696577436f6c333e3c5065727356696577436f6c343e3c4669656c64547970653e31303030303c2f4669656c64547970653e3c4576656e74547970653e323c2f4576656e74547970653e3c44617461547970653e313c2f44617461547970653e3c436f6c57696474683e38303c2f436f6c57696474683e3c2f5065727356696577436f6c343e3c5065727356696577436f6c353e3c4669656c64547970653e31303030303c2f4669656c64547970653e3c4576656e74547970653e323c2f4576656e74547970653e3c44617461547970653e323c2f44617461547970653e3c436f6c57696474683e3230303c2f436f6c57696474683e3c2f5065727356696577436f6c353e3c50657273566965774e616d65436f6c57696474683e3139323c2f50657273566965774e616d65436f6c57696474683e3c43706c566965774661746857696474683e3135303c2f43706c566965774661746857696474683e3c43706c566965774d6f746857696474683e3135303c2f43706c566965774d6f746857696474683e3c43706c566965774461746557696474683e38303c2f43706c566965774461746557696474683e3c43706c56696577506c61636557696474683e3138303c2f43706c56696577506c61636557696474683e3c46616e5669657752656c6174696f6e57696474683e3130303c2f46616e5669657752656c6174696f6e57696474683e3c46616e56696577526f6c653157696474683e3130303c2f46616e56696577526f6c653157696474683e3c46616e56696577503157696474683e3138303c2f46616e56696577503157696474683e3c46616e56696577526f6c653257696474683e3130303c2f46616e56696577526f6c653257696474683e3c46616e56696577503257696474683e3138303c2f46616e56696577503257696474683e3c46616e566965774461746557696474683e38303c2f46616e566965774461746557696474683e3c46616e56696577506c61636557696474683e3138303c2f46616e56696577506c61636557696474683e3c54726565536861726546616374547970653157696474683e38303c2f54726565536861726546616374547970653157696474683e3c54726565536861726546616374547970653257696474683e38303c2f54726565536861726546616374547970653257696474683e3c547265655368617265446174653157696474683e38303c2f547265655368617265446174653157696474683e3c547265655368617265446174653257696474683e38303c2f547265655368617265446174653257696474683e3c45646974506572734576656e7457696474683e3130303c2f45646974506572734576656e7457696474683e3c45646974506572736f6e4461746557696474683e3130303c2f45646974506572736f6e4461746557696474683e3c536964654c697374426972746857696474683e34303c2f536964654c697374426972746857696474683e3c536964654c697374446561746857696474683e34303c2f536964654c697374446561746857696474683e3c44657363566965774e616d6557696474683e3330303c2f44657363566965774e616d6557696474683e3c44657363566965774172726f7757696474683e32343c2f44657363566965774172726f7757696474683e3c446573635669657753657857696474683e32343c2f446573635669657753657857696474683e3c4465736356696577424461746557696474683e3130303c2f4465736356696577424461746557696474683e3c446573635669657742506c61636557696474683e3330303c2f446573635669657742506c61636557696474683e3c4465736356696577444461746557696474683e3130303c2f4465736356696577444461746557696474683e3c446573635669657744506c61636557696474683e3330303c2f446573635669657744506c61636557696474683e3c45646974506572736f6e536f7572636557696474683e3235303c2f45646974506572736f6e536f7572636557696474683e3c46534d61746368506572736f6e57696474683e3135303c2f46534d61746368506572736f6e57696474683e3c46534d61746368424457696474683e38303c2f46534d61746368424457696474683e3c46534d61746368425057696474683e3135303c2f46534d61746368425057696474683e3c46534d61746368444457696474683e38303c2f46534d61746368444457696474683e3c46534d61746368445057696474683e3135303c2f46534d61746368445057696474683e3c46534d6174636846617468657257696474683e3135303c2f46534d6174636846617468657257696474683e3c46534d617463684d6f7468657257696474683e3135303c2f46534d617463684d6f7468657257696474683e3c46534d6174636853706f75736557696474683e3135303c2f46534d6174636853706f75736557696474683e3c46534d617463684653494457696474683e38303c2f46534d617463684653494457696474683e3c446e6150726f766964657257696474683e3130303c2f446e6150726f766964657257696474683e3c446e61506572736f6e3157696474683e3230303c2f446e61506572736f6e3157696474683e3c446e61506572736f6e3257696474683e3230303c2f446e61506572736f6e3257696474683e3c446e61536861726564434d57696474683e35303c2f446e61536861726564434d57696474683e3c446e6153686172656450657263656e7457696474683e35303c2f446e6153686172656450657263656e7457696474683e3c446e614c6172676553656757696474683e35303c2f446e614c6172676553656757696474683e3c446e6153686172656453656757696474683e35303c2f446e6153686172656453656757696474683e3c446e614461746557696474683e3130303c2f446e614461746557696474683e3c446e6152656c57696474683e3230303c2f446e6152656c57696474683e3c446e61446e6152656c57696474683e3230303c2f446e61446e6152656c57696474683e3c4865616c7468436f6e646974696f6e57696474683e3230303c2f4865616c7468436f6e646974696f6e57696474683e3c4865616c746844657461696c7357696474683e3230303c2f4865616c746844657461696c7357696474683e3c4865616c74684461746557696474683e3130303c2f4865616c74684461746557696474683e3c4369746174696f6e73436f6c6c61707365643e66616c73653c2f4369746174696f6e73436f6c6c61707365643e3c4369746174696f6e73436f6c6c61707365645f5461736b733e66616c73653c2f4369746174696f6e73436f6c6c61707365645f5461736b733e3c5769746e6573736573436f6c6c61707365643e66616c73653c2f5769746e6573736573436f6c6c61707365643e3c4d65646961436f6c6c61707365643e66616c73653c2f4d65646961436f6c6c61707365643e3c4d65646961436f6c6c61707365645f506c616365733e66616c73653c2f4d65646961436f6c6c61707365645f506c616365733e3c4d65646961436f6c6c61707365645f4369746174696f6e733e66616c73653c2f4d65646961436f6c6c61707365645f4369746174696f6e733e3c4d65646961436f6c6c61707365645f536f75726365733e66616c73653c2f4d65646961436f6c6c61707365645f536f75726365733e3c4d65646961436f6c6c61707365645f5461736b733e66616c73653c2f4d65646961436f6c6c61707365645f5461736b733e3c5461736b73436f6c6c61707365643e66616c73653c2f5461736b73436f6c6c61707365643e3c5461736b73436f6c6c61707365645f506c616365733e66616c73653c2f5461736b73436f6c6c61707365645f506c616365733e3c416464726573736573436f6c6c61707365643e66616c73653c2f416464726573736573436f6c6c61707365643e3c416464726573736573436f6c6c61707365645f536f75726365733e66616c73653c2f416464726573736573436f6c6c61707365645f536f75726365733e3c416464726573736573436f6c6c61707365645f4369746174696f6e733e66616c73653c2f416464726573736573436f6c6c61707365645f4369746174696f6e733e3c416464726573736573436f6c6c61707365645f5461736b73416464723e66616c73653c2f416464726573736573436f6c6c61707365645f5461736b73416464723e3c416464726573736573436f6c6c61707365645f5461736b735265706f3e66616c73653c2f416464726573736573436f6c6c61707365645f5461736b735265706f3e3c456e61626c6546533e66616c73653c2f456e61626c6546533e3c4653436865636b4475704f7264733e747275653c2f4653436865636b4475704f7264733e3c465346696c746572547970653e416c6c3c2f465346696c746572547970653e3c465346696c74657247726f757049443e303c2f465346696c74657247726f757049443e3c465346696c74657247656e65726174696f6e733e343c2f465346696c74657247656e65726174696f6e733e3c465346696c7465725374617274506572736f6e3e303c2f465346696c7465725374617274506572736f6e3e3c54696d656c696e6552657665727365506c6163654e616d65733e66616c73653c2f54696d656c696e6552657665727365506c6163654e616d65733e3c54696d656c696e65506c61636544657461696c733e747275653c2f54696d656c696e65506c61636544657461696c733e3c54696d656c696e655368617265644576656e74733e747275653c2f54696d656c696e655368617265644576656e74733e3c54696d656c696e654173736f63696174696f6e733e747275653c2f54696d656c696e654173736f63696174696f6e733e3c54696d656c696e6552656c6174697665733e66616c73653c2f54696d656c696e6552656c6174697665733e3c54696d656c696e65506172656e74733e747275653c2f54696d656c696e65506172656e74733e3c54696d656c696e655369626c696e67733e747275653c2f54696d656c696e655369626c696e67733e3c54696d656c696e654368696c6472656e3e747275653c2f54696d656c696e654368696c6472656e3e3c54696d656c696e6553706f757365733e747275653c2f54696d656c696e6553706f757365733e3c54696d656c696e6544626c526f77733e747275653c2f54696d656c696e6544626c526f77733e3c54696d656c696e65536f727442793e303c2f54696d656c696e65536f727442793e3c4e616d6553706163696e673e66616c73653c2f4e616d6553706163696e673e3c4e616d65496e76616c6964436861726163746572733e66616c73653c2f4e616d65496e76616c6964436861726163746572733e3c4e616d6550756e6374756174696f6e3e66616c73653c2f4e616d6550756e6374756174696f6e3e3c4e616d65416c6c5570706572636173653e66616c73653c2f4e616d65416c6c5570706572636173653e3c4e616d654361706974616c697a6174696f6e3e66616c73653c2f4e616d654361706974616c697a6174696f6e3e3c4e616d65416262726576696174696f6e3e66616c73653c2f4e616d65416262726576696174696f6e3e3c4e616d654465736372697074696f6e3e66616c73653c2f4e616d654465736372697074696f6e3e3c4e616d654d6973706c616365644e69636b6e616d653e66616c73653c2f4e616d654d6973706c616365644e69636b6e616d653e3c4e616d654d6973706c616365645072656669783e66616c73653c2f4e616d654d6973706c616365645072656669783e3c4e616d654d6973706c616365645375666669783e66616c73653c2f4e616d654d6973706c616365645375666669783e3c4e616d65416c7465726e6174654e616d653e66616c73653c2f4e616d65416c7465726e6174654e616d653e3c4e616d655769666548617348757362616e645375726e616d653e66616c73653c2f4e616d655769666548617348757362616e645375726e616d653e3c506c61636553706163696e673e66616c73653c2f506c61636553706163696e673e3c506c616365496e76616c6964436861726163746572733e66616c73653c2f506c616365496e76616c6964436861726163746572733e3c506c61636550756e6374756174696f6e3e66616c73653c2f506c61636550756e6374756174696f6e3e3c506c616365416c6c5570706572636173653e66616c73653c2f506c616365416c6c5570706572636173653e3c506c6163654361706974616c697a6174696f6e3e66616c73653c2f506c6163654361706974616c697a6174696f6e3e3c506c616365416262726576696174696f6e3e66616c73653c2f506c616365416262726576696174696f6e3e3c506c616365426c616e6b5069656365733e66616c73653c2f506c616365426c616e6b5069656365733e3c506c6163654d6973706c6163656444657461696c733e66616c73653c2f506c6163654d6973706c6163656444657461696c733e3c506c616365416464436f756e7472793e66616c73653c2f506c616365416464436f756e7472793e3c506c61636552656d6f7665436f756e7472793e66616c73653c2f506c61636552656d6f7665436f756e7472793e3c506c6163655265706c616365427261636b6574733e66616c73653c2f506c6163655265706c616365427261636b6574733e3c4c617374444e4150726f76696465723e323c2f4c617374444e4150726f76696465723e3c52656c61746543616c634944323e303c2f52656c61746543616c634944323e3c436f6c6f72436f64655365743e303c2f436f6c6f72436f64655365743e3c436f6c6f72436f6465303e3c4e616d653e3c2f4e616d653e3c4669656c644e616d65303e3c2f4669656c644e616d65303e3c4669656c644e616d65313e3c2f4669656c644e616d65313e3c4669656c644e616d65323e3c2f4669656c644e616d65323e3c4669656c644e616d65333e3c2f4669656c644e616d65333e3c4669656c644e616d65343e3c2f4669656c644e616d65343e3c4669656c644e616d65353e3c2f4669656c644e616d65353e3c4669656c644e616d65363e3c2f4669656c644e616d65363e3c4669656c644e616d65373e3c2f4669656c644e616d65373e3c4669656c644e616d65383e3c2f4669656c644e616d65383e3c4669656c644e616d65393e3c2f4669656c644e616d65393e3c4669656c644e616d6531303e3c2f4669656c644e616d6531303e3c4669656c644e616d6531313e3c2f4669656c644e616d6531313e3c4669656c644e616d6531323e3c2f4669656c644e616d6531323e3c4669656c644e616d6531333e3c2f4669656c644e616d6531333e3c4669656c644e616d6531343e3c2f4669656c644e616d6531343e3c4669656c644e616d6531353e3c2f4669656c644e616d6531353e3c4669656c644e616d6531363e3c2f4669656c644e616d6531363e3c4669656c644e616d6531373e3c2f4669656c644e616d6531373e3c4669656c644e616d6531383e3c2f4669656c644e616d6531383e3c4669656c644e616d6531393e3c2f4669656c644e616d6531393e3c4669656c644e616d6532303e3c2f4669656c644e616d6532303e3c4669656c644e616d6532313e3c2f4669656c644e616d6532313e3c4669656c644e616d6532323e3c2f4669656c644e616d6532323e3c4669656c644e616d6532333e3c2f4669656c644e616d6532333e3c4669656c644e616d6532343e3c2f4669656c644e616d6532343e3c4669656c644e616d6532353e3c2f4669656c644e616d6532353e3c4669656c644e616d6532363e3c2f4669656c644e616d6532363e3c4669656c644e616d6532373e3c2f4669656c644e616d6532373e3c2f436f6c6f72436f6465303e3c436f6c6f72436f6465313e3c4e616d653e3c2f4e616d653e3c4669656c644e616d65303e3c2f4669656c644e616d65303e3c4669656c644e616d65313e3c2f4669656c644e616d65313e3c4669656c644e616d65323e3c2f4669656c644e616d65323e3c4669656c644e616d65333e3c2f4669656c644e616d65333e3c4669656c644e616d65343e3c2f4669656c644e616d65343e3c4669656c644e616d65353e3c2f4669656c644e616d65353e3c4669656c644e616d65363e3c2f4669656c644e616d65363e3c4669656c644e616d65373e3c2f4669656c644e616d65373e3c4669656c644e616d65383e3c2f4669656c644e616d65383e3c4669656c644e616d65393e3c2f4669656c644e616d65393e3c4669656c644e616d6531303e3c2f4669656c644e616d6531303e3c4669656c644e616d6531313e3c2f4669656c644e616d6531313e3c4669656c644e616d6531323e3c2f4669656c644e616d6531323e3c4669656c644e616d6531333e3c2f4669656c644e616d6531333e3c4669656c644e616d6531343e3c2f4669656c644e616d6531343e3c4669656c644e616d6531353e3c2f4669656c644e616d6531353e3c4669656c644e616d6531363e3c2f4669656c644e616d6531363e3c4669656c644e616d6531373e3c2f4669656c644e616d6531373e3c4669656c644e616d6531383e3c2f4669656c644e616d6531383e3c4669656c644e616d6531393e3c2f4669656c644e616d6531393e3c4669656c644e616d6532303e3c2f4669656c644e616d6532303e3c4669656c644e616d6532313e3c2f4669656c644e616d6532313e3c4669656c644e616d6532323e3c2f4669656c644e616d6532323e3c4669656c644e616d6532333e3c2f4669656c644e616d6532333e3c4669656c644e616d6532343e3c2f4669656c644e616d6532343e3c4669656c644e616d6532353e3c2f4669656c644e616d6532353e3c4669656c644e616d6532363e3c2f4669656c644e616d6532363e3c4669656c644e616d6532373e3c2f4669656c644e616d6532373e3c2f436f6c6f72436f6465313e3c436f6c6f72436f6465323e3c4e616d653e3c2f4e616d653e3c4669656c644e616d65303e3c2f4669656c644e616d65303e3c4669656c644e616d65313e3c2f4669656c644e616d65313e3c4669656c644e616d65323e3c2f4669656c644e616d65323e3c4669656c644e616d65333e3c2f4669656c644e616d65333e3c4669656c644e616d65343e3c2f4669656c644e616d65343e3c4669656c644e616d65353e3c2f4669656c644e616d65353e3c4669656c644e616d65363e3c2f4669656c644e616d65363e3c4669656c644e616d65373e3c2f4669656c644e616d65373e3c4669656c644e616d65383e3c2f4669656c644e616d65383e3c4669656c644e616d65393e3c2f4669656c644e616d65393e3c4669656c644e616d6531303e3c2f4669656c644e616d6531303e3c4669656c644e616d6531313e3c2f4669656c644e616d6531313e3c4669656c644e616d6531323e3c2f4669656c644e616d6531323e3c4669656c644e616d6531333e3c2f4669656c644e616d6531333e3c4669656c644e616d6531343e3c2f4669656c644e616d6531343e3c4669656c644e616d6531353e3c2f4669656c644e616d6531353e3c4669656c644e616d6531363e3c2f4669656c644e616d6531363e3c4669656c644e616d6531373e3c2f4669656c644e616d6531373e3c4669656c644e616d6531383e3c2f4669656c644e616d6531383e3c4669656c644e616d6531393e3c2f4669656c644e616d6531393e3c4669656c644e616d6532303e3c2f4669656c644e616d6532303e3c4669656c644e616d6532313e3c2f4669656c644e616d6532313e3c4669656c644e616d6532323e3c2f4669656c644e616d6532323e3c4669656c644e616d6532333e3c2f4669656c644e616d6532333e3c4669656c644e616d6532343e3c2f4669656c644e616d6532343e3c4669656c644e616d6532353e3c2f4669656c644e616d6532353e3c4669656c644e616d6532363e3c2f4669656c644e616d6532363e3c4669656c644e616d6532373e3c2f4669656c644e616d6532373e3c2f436f6c6f72436f6465323e3c436f6c6f72436f6465333e3c4e616d653e3c2f4e616d653e3c4669656c644e616d65303e3c2f4669656c644e616d65303e3c4669656c644e616d65313e3c2f4669656c644e616d65313e3c4669656c644e616d65323e3c2f4669656c644e616d65323e3c4669656c644e616d65333e3c2f4669656c644e616d65333e3c4669656c644e616d65343e3c2f4669656c644e616d65343e3c4669656c644e616d65353e3c2f4669656c644e616d65353e3c4669656c644e616d65363e3c2f4669656c644e616d65363e3c4669656c644e616d65373e3c2f4669656c644e616d65373e3c4669656c644e616d65383e3c2f4669656c644e616d65383e3c4669656c644e616d65393e3c2f4669656c644e616d65393e3c4669656c644e616d6531303e3c2f4669656c644e616d6531303e3c4669656c644e616d6531313e3c2f4669656c644e616d6531313e3c4669656c644e616d6531323e3c2f4669656c644e616d6531323e3c4669656c644e616d6531333e3c2f4669656c644e616d6531333e3c4669656c644e616d6531343e3c2f4669656c644e616d6531343e3c4669656c644e616d6531353e3c2f4669656c644e616d6531353e3c4669656c644e616d6531363e3c2f4669656c644e616d6531363e3c4669656c644e616d6531373e3c2f4669656c644e616d6531373e3c4669656c644e616d6531383e3c2f4669656c644e616d6531383e3c4669656c644e616d6531393e3c2f4669656c644e616d6531393e3c4669656c644e616d6532303e3c2f4669656c644e616d6532303e3c4669656c644e616d6532313e3c2f4669656c644e616d6532313e3c4669656c644e616d6532323e3c2f4669656c644e616d6532323e3c4669656c644e616d6532333e3c2f4669656c644e616d6532333e3c4669656c644e616d6532343e3c2f4669656c644e616d6532343e3c4669656c644e616d6532353e3c2f4669656c644e616d6532353e3c4669656c644e616d6532363e3c2f4669656c644e616d6532363e3c4669656c644e616d6532373e3c2f4669656c644e616d6532373e3c2f436f6c6f72436f6465333e3c436f6c6f72436f6465343e3c4e616d653e3c2f4e616d653e3c4669656c644e616d65303e3c2f4669656c644e616d65303e3c4669656c644e616d65313e3c2f4669656c644e616d65313e3c4669656c644e616d65323e3c2f4669656c644e616d65323e3c4669656c644e616d65333e3c2f4669656c644e616d65333e3c4669656c644e616d65343e3c2f4669656c644e616d65343e3c4669656c644e616d65353e3c2f4669656c644e616d65353e3c4669656c644e616d65363e3c2f4669656c644e616d65363e3c4669656c644e616d65373e3c2f4669656c644e616d65373e3c4669656c644e616d65383e3c2f4669656c644e616d65383e3c4669656c644e616d65393e3c2f4669656c644e616d65393e3c4669656c644e616d6531303e3c2f4669656c644e616d6531303e3c4669656c644e616d6531313e3c2f4669656c644e616d6531313e3c4669656c644e616d6531323e3c2f4669656c644e616d6531323e3c4669656c644e616d6531333e3c2f4669656c644e616d6531333e3c4669656c644e616d6531343e3c2f4669656c644e616d6531343e3c4669656c644e616d6531353e3c2f4669656c644e616d6531353e3c4669656c644e616d6531363e3c2f4669656c644e616d6531363e3c4669656c644e616d6531373e3c2f4669656c644e616d6531373e3c4669656c644e616d6531383e3c2f4669656c644e616d6531383e3c4669656c644e616d6531393e3c2f4669656c644e616d6531393e3c4669656c644e616d6532303e3c2f4669656c644e616d6532303e3c4669656c644e616d6532313e3c2f4669656c644e616d6532313e3c4669656c644e616d6532323e3c2f4669656c644e616d6532323e3c4669656c644e616d6532333e3c2f4669656c644e616d6532333e3c4669656c644e616d6532343e3c2f4669656c644e616d6532343e3c4669656c644e616d6532353e3c2f4669656c644e616d6532353e3c4669656c644e616d6532363e3c2f4669656c644e616d6532363e3c4669656c644e616d6532373e3c2f4669656c644e616d6532373e3c2f436f6c6f72436f6465343e3c436f6c6f72436f6465353e3c4e616d653e3c2f4e616d653e3c4669656c644e616d65303e3c2f4669656c644e616d65303e3c4669656c644e616d65313e3c2f4669656c644e616d65313e3c4669656c644e616d65323e3c2f4669656c644e616d65323e3c4669656c644e616d65333e3c2f4669656c644e616d65333e3c4669656c644e616d65343e3c2f4669656c644e616d65343e3c4669656c644e616d65353e3c2f4669656c644e616d65353e3c4669656c644e616d65363e3c2f4669656c644e616d65363e3c4669656c644e616d65373e3c2f4669656c644e616d65373e3c4669656c644e616d65383e3c2f4669656c644e616d65383e3c4669656c644e616d65393e3c2f4669656c644e616d65393e3c4669656c644e616d6531303e3c2f4669656c644e616d6531303e3c4669656c644e616d6531313e3c2f4669656c644e616d6531313e3c4669656c644e616d6531323e3c2f4669656c644e616d6531323e3c4669656c644e616d6531333e3c2f4669656c644e616d6531333e3c4669656c644e616d6531343e3c2f4669656c644e616d6531343e3c4669656c644e616d6531353e3c2f4669656c644e616d6531353e3c4669656c644e616d6531363e3c2f4669656c644e616d6531363e3c4669656c644e616d6531373e3c2f4669656c644e616d6531373e3c4669656c644e616d6531383e3c2f4669656c644e616d6531383e3c4669656c644e616d6531393e3c2f4669656c644e616d6531393e3c4669656c644e616d6532303e3c2f4669656c644e616d6532303e3c4669656c644e616d6532313e3c2f4669656c644e616d6532313e3c4669656c644e616d6532323e3c2f4669656c644e616d6532323e3c4669656c644e616d6532333e3c2f4669656c644e616d6532333e3c4669656c644e616d6532343e3c2f4669656c644e616d6532343e3c4669656c644e616d6532353e3c2f4669656c644e616d6532353e3c4669656c644e616d6532363e3c2f4669656c644e616d6532363e3c4669656c644e616d6532373e3c2f4669656c644e616d6532373e3c2f436f6c6f72436f6465353e3c436f6c6f72436f6465363e3c4e616d653e3c2f4e616d653e3c4669656c644e616d65303e3c2f4669656c644e616d65303e3c4669656c644e616d65313e3c2f4669656c644e616d65313e3c4669656c644e616d65323e3c2f4669656c644e616d65323e3c4669656c644e616d65333e3c2f4669656c644e616d65333e3c4669656c644e616d65343e3c2f4669656c644e616d65343e3c4669656c644e616d65353e3c2f4669656c644e616d65353e3c4669656c644e616d65363e3c2f4669656c644e616d65363e3c4669656c644e616d65373e3c2f4669656c644e616d65373e3c4669656c644e616d65383e3c2f4669656c644e616d65383e3c4669656c644e616d65393e3c2f4669656c644e616d65393e3c4669656c644e616d6531303e3c2f4669656c644e616d6531303e3c4669656c644e616d6531313e3c2f4669656c644e616d6531313e3c4669656c644e616d6531323e3c2f4669656c644e616d6531323e3c4669656c644e616d6531333e3c2f4669656c644e616d6531333e3c4669656c644e616d6531343e3c2f4669656c644e616d6531343e3c4669656c644e616d6531353e3c2f4669656c644e616d6531353e3c4669656c644e616d6531363e3c2f4669656c644e616d6531363e3c4669656c644e616d6531373e3c2f4669656c644e616d6531373e3c4669656c644e616d6531383e3c2f4669656c644e616d6531383e3c4669656c644e616d6531393e3c2f4669656c644e616d6531393e3c4669656c644e616d6532303e3c2f4669656c644e616d6532303e3c4669656c644e616d6532313e3c2f4669656c644e616d6532313e3c4669656c644e616d6532323e3c2f4669656c644e616d6532323e3c4669656c644e616d6532333e3c2f4669656c644e616d6532333e3c4669656c644e616d6532343e3c2f4669656c644e616d6532343e3c4669656c644e616d6532353e3c2f4669656c644e616d6532353e3c4669656c644e616d6532363e3c2f4669656c644e616d6532363e3c4669656c644e616d6532373e3c2f4669656c644e616d6532373e3c2f436f6c6f72436f6465363e3c436f6c6f72436f6465373e3c4e616d653e3c2f4e616d653e3c4669656c644e616d65303e3c2f4669656c644e616d65303e3c4669656c644e616d65313e3c2f4669656c644e616d65313e3c4669656c644e616d65323e3c2f4669656c644e616d65323e3c4669656c644e616d65333e3c2f4669656c644e616d65333e3c4669656c644e616d65343e3c2f4669656c644e616d65343e3c4669656c644e616d65353e3c2f4669656c644e616d65353e3c4669656c644e616d65363e3c2f4669656c644e616d65363e3c4669656c644e616d65373e3c2f4669656c644e616d65373e3c4669656c644e616d65383e3c2f4669656c644e616d65383e3c4669656c644e616d65393e3c2f4669656c644e616d65393e3c4669656c644e616d6531303e3c2f4669656c644e616d6531303e3c4669656c644e616d6531313e3c2f4669656c644e616d6531313e3c4669656c644e616d6531323e3c2f4669656c644e616d6531323e3c4669656c644e616d6531333e3c2f4669656c644e616d6531333e3c4669656c644e616d6531343e3c2f4669656c644e616d6531343e3c4669656c644e616d6531353e3c2f4669656c644e616d6531353e3c4669656c644e616d6531363e3c2f4669656c644e616d6531363e3c4669656c644e616d6531373e3c2f4669656c644e616d6531373e3c4669656c644e616d6531383e3c2f4669656c644e616d6531383e3c4669656c644e616d6531393e3c2f4669656c644e616d6531393e3c4669656c644e616d6532303e3c2f4669656c644e616d6532303e3c4669656c644e616d6532313e3c2f4669656c644e616d6532313e3c4669656c644e616d6532323e3c2f4669656c644e616d6532323e3c4669656c644e616d6532333e3c2f4669656c644e616d6532333e3c4669656c644e616d6532343e3c2f4669656c644e616d6532343e3c4669656c644e616d6532353e3c2f4669656c644e616d6532353e3c4669656c644e616d6532363e3c2f4669656c644e616d6532363e3c4669656c644e616d6532373e3c2f4669656c644e616d6532373e3c2f436f6c6f72436f6465373e3c436f6c6f72436f6465383e3c4e616d653e3c2f4e616d653e3c4669656c644e616d65303e3c2f4669656c644e616d65303e3c4669656c644e616d65313e3c2f4669656c644e616d65313e3c4669656c644e616d65323e3c2f4669656c644e616d65323e3c4669656c644e616d65333e3c2f4669656c644e616d65333e3c4669656c644e616d65343e3c2f4669656c644e616d65343e3c4669656c644e616d65353e3c2f4669656c644e616d65353e3c4669656c644e616d65363e3c2f4669656c644e616d65363e3c4669656c644e616d65373e3c2f4669656c644e616d65373e3c4669656c644e616d65383e3c2f4669656c644e616d65383e3c4669656c644e616d65393e3c2f4669656c644e616d65393e3c4669656c644e616d6531303e3c2f4669656c644e616d6531303e3c4669656c644e616d6531313e3c2f4669656c644e616d6531313e3c4669656c644e616d6531323e3c2f4669656c644e616d6531323e3c4669656c644e616d6531333e3c2f4669656c644e616d6531333e3c4669656c644e616d6531343e3c2f4669656c644e616d6531343e3c4669656c644e616d6531353e3c2f4669656c644e616d6531353e3c4669656c644e616d6531363e3c2f4669656c644e616d6531363e3c4669656c644e616d6531373e3c2f4669656c644e616d6531373e3c4669656c644e616d6531383e3c2f4669656c644e616d6531383e3c4669656c644e616d6531393e3c2f4669656c644e616d6531393e3c4669656c644e616d6532303e3c2f4669656c644e616d6532303e3c4669656c644e616d6532313e3c2f4669656c644e616d6532313e3c4669656c644e616d6532323e3c2f4669656c644e616d6532323e3c4669656c644e616d6532333e3c2f4669656c644e616d6532333e3c4669656c644e616d6532343e3c2f4669656c644e616d6532343e3c4669656c644e616d6532353e3c2f4669656c644e616d6532353e3c4669656c644e616d6532363e3c2f4669656c644e616d6532363e3c4669656c644e616d6532373e3c2f4669656c644e616d6532373e3c2f436f6c6f72436f6465383e3c436f6c6f72436f6465393e3c4e616d653e3c2f4e616d653e3c4669656c644e616d65303e3c2f4669656c644e616d65303e3c4669656c644e616d65313e3c2f4669656c644e616d65313e3c4669656c644e616d65323e3c2f4669656c644e616d65323e3c4669656c644e616d65333e3c2f4669656c644e616d65333e3c4669656c644e616d65343e3c2f4669656c644e616d65343e3c4669656c644e616d65353e3c2f4669656c644e616d65353e3c4669656c644e616d65363e3c2f4669656c644e616d65363e3c4669656c644e616d65373e3c2f4669656c644e616d65373e3c4669656c644e616d65383e3c2f4669656c644e616d65383e3c4669656c644e616d65393e3c2f4669656c644e616d65393e3c4669656c644e616d6531303e3c2f4669656c644e616d6531303e3c4669656c644e616d6531313e3c2f4669656c644e616d6531313e3c4669656c644e616d6531323e3c2f4669656c644e616d6531323e3c4669656c644e616d6531333e3c2f4669656c644e616d6531333e3c4669656c644e616d6531343e3c2f4669656c644e616d6531343e3c4669656c644e616d6531353e3c2f4669656c644e616d6531353e3c4669656c644e616d6531363e3c2f4669656c644e616d6531363e3c4669656c644e616d6531373e3c2f4669656c644e616d6531373e3c4669656c644e616d6531383e3c2f4669656c644e616d6531383e3c4669656c644e616d6531393e3c2f4669656c644e616d6531393e3c4669656c644e616d6532303e3c2f4669656c644e616d6532303e3c4669656c644e616d6532313e3c2f4669656c644e616d6532313e3c4669656c644e616d6532323e3c2f4669656c644e616d6532323e3c4669656c644e616d6532333e3c2f4669656c644e616d6532333e3c4669656c644e616d6532343e3c2f4669656c644e616d6532343e3c4669656c644e616d6532353e3c2f4669656c644e616d6532353e3c4669656c644e616d6532363e3c2f4669656c644e616d6532363e3c4669656c644e616d6532373e3c2f4669656c644e616d6532373e3c2f436f6c6f72436f6465393e3c2f526f6f743e',45862.84564952546497);
CREATE TABLE EventTable (EventID INTEGER PRIMARY KEY, EventType INTEGER, OwnerType INTEGER, OwnerID INTEGER, FamilyID INTEGER, PlaceID INTEGER, SiteID INTEGER, Date TEXT, SortDate BIGINT, IsPrimary INTEGER, IsPrivate INTEGER, Proof INTEGER, Status INTEGER, Sentence TEXT, Details TEXT, Note TEXT, UTCModDate FLOAT );
INSERT INTO EventTable VALUES(1,1,0,1,0,0,0,'D.+20000101..+00000000..',6755435192362467340,0,0,0,0,'','','',45824.04620383102155);
INSERT INTO EventTable VALUES(2,2,0,1,0,0,0,'D.+21000101..+00000000..',6811730187704598540,0,0,0,0,'','','',45824.04642501157651);
INSERT INTO EventTable VALUES(3,1,0,3,0,0,0,'D.+19500000..+00000000..',6727251960563499020,0,0,0,0,'','','',45835.15103812499729);
INSERT INTO EventTable VALUES(4,2,0,3,0,0,0,'D.+20000130..+00000000..',6755451135281070092,0,0,0,0,'','sample death detail','',45835.15168105324119);
INSERT INTO EventTable VALUES(5,4,0,3,0,0,0,'DA+20000000..+00000000..',6755961858433219615,0,0,0,0,'','','',45835.15140004629939);
INSERT INTO EventTable VALUES(6,29,0,3,0,0,0,'D.+19800000..+00000000..',6744140459166138380,0,0,0,0,'','sample residence detail','',45835.15151356481511);
INSERT INTO EventTable VALUES(7,1,0,4,0,0,0,'.',9223372036854775807,0,0,0,0,'','','',45837.10174050925706);
CREATE TABLE ExclusionTable (RecID INTEGER PRIMARY KEY, ExclusionType INTEGER, ID1 INTEGER, ID2 INTEGER, UTCModDate FLOAT );
CREATE TABLE FactTypeTable (FactTypeID INTEGER PRIMARY KEY, OwnerType INTEGER, Name TEXT COLLATE RMNOCASE, Abbrev TEXT, GedcomTag TEXT, UseValue INTEGER, UseDate INTEGER, UsePlace INTEGER, Sentence TEXT, Flags INTEGER, UTCModDate FLOAT );
INSERT INTO FactTypeTable VALUES(1,0,'Birth','Birth','BIRT',0,1,1,'[person] was born< [Date]>< [PlaceDetails]>< [Place]>.',2147483647,45823.20411157407216);
INSERT INTO FactTypeTable VALUES(2,0,'Death','Death','DEAT',1,1,1,'[person] died< [Desc]>< [Date]>< [person:Age]>< [PlaceDetails]>< [Place]>.',2147483647,45823.20411157407216);
INSERT INTO FactTypeTable VALUES(3,0,'Christen','Chr','CHR',0,1,1,'[person] was christened< [Date]>< [PlaceDetails]>< [Place]>.',2147483647,45823.20411157407216);
INSERT INTO FactTypeTable VALUES(4,0,'Burial','Burial','BURI',0,1,1,'[person] was buried< [Date]>< [PlaceDetails]>< [Place]>.',2147483647,45823.20411157407216);
INSERT INTO FactTypeTable VALUES(5,0,'Cremation','Cremation','CREM',0,1,1,'[person] was cremated< [Date]>< [PlaceDetails]>< [Place]>.',2147483647,45823.20411157407216);
INSERT INTO FactTypeTable VALUES(6,0,'Adoption','Adoption','ADOP',0,1,1,'[person] was adopted< [Date]>< [PlaceDetails]>< [Place]>.',2147483647,45823.20411157407216);
INSERT INTO FactTypeTable VALUES(7,0,'Baptism','Baptism','BAPM',0,1,1,'[person] was baptized< [Date]>< [PlaceDetails]>< [Place]>.',2147483647,45823.20411157407216);
INSERT INTO FactTypeTable VALUES(8,0,'Bar Mitzvah','Bar Mitzvah','BARM',0,1,1,'[person] celebrated his bar mitzvah< [Date]>< [PlaceDetails]>< [Place]>.',2147483647,45823.20411157407216);
INSERT INTO FactTypeTable VALUES(9,0,'Bas Mitzvah','Bas Mitzvah','BASM',0,1,1,'[person] celebrated her bas mitzvah< [Date]>< [PlaceDetails]>< [Place]>.',2147483647,45823.20411162036907);
INSERT INTO FactTypeTable VALUES(10,0,'Blessing','Blessing','BLES',0,1,1,'[person] was blessed< [Date]>< [PlaceDetails]>< [Place]>.',2147483647,45823.20411162036907);
INSERT INTO FactTypeTable VALUES(11,0,'Christen (adult)','Chr (adult)','CHRA',0,1,1,'[person] was christened< [Date]>< [PlaceDetails]>< [Place]>.',2147483647,45823.20411162036907);
INSERT INTO FactTypeTable VALUES(12,0,'Confirmation','Confirmation','CONF',0,1,1,'[person] was confirmed< [Date]>< [PlaceDetails]>< [Place]>.',2147483647,45823.20411162036907);
INSERT INTO FactTypeTable VALUES(13,0,'First communion','First comm','FCOM',0,1,1,'[person] received first communion< [Date]>< [PlaceDetails]>< [Place]>.',2147483647,45823.20411162036907);
INSERT INTO FactTypeTable VALUES(14,0,'Ordination','Ordination','ORDN',0,1,1,'[person] was ordained< [Date]>< [PlaceDetails]>< [Place]>.',2147483647,45823.20411162036907);
INSERT INTO FactTypeTable VALUES(15,0,'Naturalization','Naturalization','NATU',0,1,1,'[person] was naturalized< [Date]>< [PlaceDetails]>< [Place]>.',2147483647,45823.20411162036907);
INSERT INTO FactTypeTable VALUES(16,0,'Emigration','Emigration','EMIG',0,1,1,'[person] emigrated< [Date]>< from [Place:plain]>< [PlaceDetails]>.',2147483647,45823.20411162036907);
INSERT INTO FactTypeTable VALUES(17,0,'Immigration','Immigration','IMMI',0,1,1,'[person] immigrated< [Date]>< to [Place:plain]>< [PlaceDetails]>.',2147483647,45823.20411162036907);
INSERT INTO FactTypeTable VALUES(18,0,'Census','Census','CENS',0,1,1,'[person] appeared in the census< [Date]>< [PlaceDetails]>< [Place]>.',2147483647,45823.20411162036907);
INSERT INTO FactTypeTable VALUES(19,0,'Probate','Probate','PROB',0,1,1,'[person] had [person:hisher] estate probated< [Date]>< [PlaceDetails]>< [Place]>.',2147483647,45823.20411162036907);
INSERT INTO FactTypeTable VALUES(20,0,'Will','Will','WILL',0,1,1,'[person] signed a will< [Date]>< [PlaceDetails]>< [Place]>.',2147483647,45823.20411162036907);
INSERT INTO FactTypeTable VALUES(21,0,'Graduation','Graduation','GRAD',0,1,1,'[person] graduated< [Date]>< [PlaceDetails]>< [Place]>.',2147483647,45823.20411162036907);
INSERT INTO FactTypeTable VALUES(22,0,'Retirement','Retirement','RETI',0,1,1,'[person] retired< [Date]>< [PlaceDetails]>< [Place]>.',2147483647,45823.20411162036907);
INSERT INTO FactTypeTable VALUES(23,0,'Description','Description','DSCR',1,1,1,'[person] was described as [Desc]< [Date]>< [PlaceDetails]>< [Place]>.',2147483647,45823.20411162036907);
INSERT INTO FactTypeTable VALUES(24,0,'Education','Education','EDUC',1,1,1,'[person] was educated < [Desc]>< [Date]>< [PlaceDetails]>< [Place]>.',2147483647,45823.20411162036907);
INSERT INTO FactTypeTable VALUES(25,0,'Nationality','Nationality','NATI',1,1,1,'[person] was [Desc]< [Date]>< [PlaceDetails]>< [Place]>.',2147483647,45823.20411162036907);
INSERT INTO FactTypeTable VALUES(26,0,'Occupation','Occupation','OCCU',1,1,1,'[date] [person] was [Desc:A]< [PlaceDetails]>< [Place]>.',2147483647,45823.20411162036907);
INSERT INTO FactTypeTable VALUES(27,0,'Property','Property','PROP',1,1,1,'[person] owned [Desc]< [Date]>< [PlaceDetails]>< [Place]>.',2147483647,45823.20411162036907);
INSERT INTO FactTypeTable VALUES(28,0,'Religion','Religion','RELI',1,1,1,'[person] was [Desc]< [Date]>< [PlaceDetails]>< [Place]>.',2147483647,45823.20411162036907);
INSERT INTO FactTypeTable VALUES(29,0,'Residence','Residence','RESI',1,1,1,'[person] lived< [Desc]>< [PlaceDetails]>< [Place]>< [Date]>.',2147483647,45823.20411162036907);
INSERT INTO FactTypeTable VALUES(30,0,'Soc Sec No','SSN','SSN',1,0,0,'[person] had Social Security Number [Desc].',2147483647,45823.20411162036907);
INSERT INTO FactTypeTable VALUES(31,0,'LDS Baptism','LDS Bapt','BAPL',0,1,1,'[person] was baptized into the LDS Church< [Date]>< [PlaceDetails]>< [Place]>.',2147483647,45823.20411162036907);
INSERT INTO FactTypeTable VALUES(32,0,'LDS Endowment','LDS Endow','ENDL',0,1,1,'[person] was endowed< [Date]>< [PlaceDetails]>< [Place]>.',2147483647,45823.20411162036907);
INSERT INTO FactTypeTable VALUES(33,0,'LDS Seal to parents','LDS SealPar','SLGC',0,1,1,'[person] was sealed to [person:hisher] parents< [Date]>< [PlaceDetails]>< [Place]>.',2147483647,45823.20411162036907);
INSERT INTO FactTypeTable VALUES(34,0,'Ancestral File Number','AFN','AFN',1,0,0,'[person] has Ancestral File Number [Desc].',2147483647,45823.20411162036907);
INSERT INTO FactTypeTable VALUES(35,0,'Reference No','Ref #','REFN',1,0,0,'[person] has reference number [Desc].',2147483647,45823.20411162036907);
INSERT INTO FactTypeTable VALUES(36,0,'Caste','Caste','CAST',1,1,1,'[person] was associated with [Desc]< [Date]>< [PlaceDetails]>< [Place]>.',2147483647,45823.20411162036907);
INSERT INTO FactTypeTable VALUES(37,0,'Title (Nobility)','Title','TITL',1,1,1,'[person] held the title of [Desc]< [Date]>< [PlaceDetails]>< [Place]>.',2147483647,45823.20411162036907);
INSERT INTO FactTypeTable VALUES(38,0,'LDS Confirmation','LDS Conf','CONL',0,1,1,'[person] was confirmed a member of the LDS Church< [Date]>< [PlaceDetails]>< [Place]>.',2147483647,45823.20411162036907);
INSERT INTO FactTypeTable VALUES(39,0,'LDS Initiatory','LDS Init','WAC',0,1,1,'[person] received LDS initiatory< [Date]>< [PlaceDetails]>< [Place]>.',2147483647,45823.20411162036907);
INSERT INTO FactTypeTable VALUES(300,1,'Marriage','Marriage','MARR',0,1,1,'[couple] <#Couple#was|were> married< [Date]>< [PlaceDetails]>< [Place]>.',2147483647,45823.20411162036907);
INSERT INTO FactTypeTable VALUES(301,1,'Annulment','Annulment','ANUL',0,1,1,'[couple] had their marriage annulled< [Date]>< [PlaceDetails]>< [Place]>.',2147483647,45823.20411162036907);
INSERT INTO FactTypeTable VALUES(302,1,'Divorce','Divorce','DIV',0,1,1,'[couple] <#Couple#was|were> divorced< [Date]>< [PlaceDetails]>< [Place]>.',2147483647,45823.20411162036907);
INSERT INTO FactTypeTable VALUES(303,1,'Divorce filed','Div. filed','DIVF',0,1,1,'[couple] filed for divorce< [Date]>< [PlaceDetails]>< [Place]>.',2147483647,45823.20411162036907);
INSERT INTO FactTypeTable VALUES(304,1,'Engagement','Engagement','ENGA',0,1,1,'[couple] <#Couple#was|were> engaged< [Date]>< [PlaceDetails]>< [Place]>.',2147483647,45823.20411162036907);
INSERT INTO FactTypeTable VALUES(305,1,'Marriage Bann','Marr Bann','MARB',0,1,1,'[couple] had marriage banns published< [Date]>< [PlaceDetails]>< [Place]>.',2147483647,45823.20411162036907);
INSERT INTO FactTypeTable VALUES(306,1,'Marriage Contract','Marr Contract','MARC',0,1,1,'[couple] signed a marriage contract< [Date]>< [PlaceDetails]>< [Place]>.',2147483647,45823.20411162036907);
INSERT INTO FactTypeTable VALUES(307,1,'Marriage License','Marr Lic','MARL',0,1,1,'[couple] obtained a marriage license< [Date]>< [PlaceDetails]>< [Place]>.',2147483647,45823.20411162036907);
INSERT INTO FactTypeTable VALUES(308,1,'Marriage Settlement','Marr Settlement','MARS',0,1,1,'[couple] obtained a marriage settlement< [Date]>< [PlaceDetails]>< [Place]>.',2147483647,45823.20411162036907);
INSERT INTO FactTypeTable VALUES(309,1,'LDS Seal to spouse','LDS SealSp','SLGS',0,1,1,'[couple] were sealed together< [Date]>< [PlaceDetails]>< [Place]>.',2147483647,45823.20411162036907);
INSERT INTO FactTypeTable VALUES(310,1,'Residence (family)','Residence (fam)','RESI',1,1,1,'[couple] lived < [Desc]>< [PlaceDetails]>< [Place]>< [Date]>.',2147483647,45823.20411162036907);
INSERT INTO FactTypeTable VALUES(311,1,'Census (family)','Census (fam)','CENS',0,1,1,'[couple] appeared in the census< [Date]>< [PlaceDetails]>< [Place]>.',2147483647,45823.20411162036907);
INSERT INTO FactTypeTable VALUES(500,0,'Degree','Degree','EVEN',1,1,1,'[person] received a< [desc]> degree< [Date]>< [PlaceDetails]>< [Place]>.',2147483647,45823.20411162036907);
INSERT INTO FactTypeTable VALUES(501,0,'Military','Military','EVEN',1,1,1,'[person] served in the military< [Desc]>< [Date]>< [PlaceDetails]>< [Place]>.',2147483647,45823.20411162036907);
INSERT INTO FactTypeTable VALUES(502,0,'Mission','Mission','EVEN',1,1,1,'[person] served a mission< [Date]>< [PlaceDetails]>< [Place]>.',2147483647,45823.20411162036907);
INSERT INTO FactTypeTable VALUES(503,0,'Stillborn','Stillborn','EVEN',0,1,1,'[person] was stillborn< [Date]>< [PlaceDetails]>< [Place]>.',2147483647,45823.20411162036907);
INSERT INTO FactTypeTable VALUES(504,0,'Illness','Illness','EVEN',1,1,1,'[person] was ill< with [Desc]>< [Date]>< [PlaceDetails]>< [Place]>.',2147483647,45823.20411162036907);
INSERT INTO FactTypeTable VALUES(505,0,'Living','Living','EVEN',0,1,1,'[person] was living< [Date]>< [PlaceDetails]>< [Place]>.',2147483647,45823.20411162036907);
INSERT INTO FactTypeTable VALUES(507,0,'Election','Elected','EVEN',1,1,1,'[person] was elected< as [Desc]>< [Date]>< [PlaceDetails]>< [Place]>.',2147483647,45823.20411162036907);
INSERT INTO FactTypeTable VALUES(508,0,'Excommunication','Excomm','EVEN',0,1,1,'[person] was excommunicated< [Date]>< [PlaceDetails]>< [Place]>.',2147483647,45823.20411162036907);
INSERT INTO FactTypeTable VALUES(509,0,'Namesake','Namesake','EVEN',1,1,1,'[person] was named after [Desc]< [Date]>< [PlaceDetails]>< [Place]>.',2147483647,45823.20411162036907);
INSERT INTO FactTypeTable VALUES(510,1,'Separation','Separation','EVEN',0,1,1,'[couple] were separated< [Date]>< [PlaceDetails]>< [Place]>.',2147483647,45823.20411162036907);
INSERT INTO FactTypeTable VALUES(900,0,'Alternate name','Alt. Name','EVEN',0,1,0,'[person] was also known as [Desc]< [Date]>.',2147483647,45823.20411162036907);
INSERT INTO FactTypeTable VALUES(901,0,'DNA test','DNA','_DNA',0,1,0,'[person] had a DNA test performed< [Date]>.',2147483647,45823.20411162036907);
INSERT INTO FactTypeTable VALUES(902,0,'Association','Association','EVEN',1,1,1,'',2147483647,45823.20411162036907);
INSERT INTO FactTypeTable VALUES(999,0,'Miscellaneous','Misc','EVEN',1,1,1,'[person]< [Desc]>< [Date]>< [PlaceDetails]>< [Place]>.',2147483647,45823.20411162036907);
CREATE TABLE FamilySearchTable (LinkID INTEGER PRIMARY KEY, LinkType INTEGER, rmID INTEGER, fsID TEXT, Modified INTEGER, fsVersion TEXT, fsDate FLOAT, Status INTEGER, UTCModDate FLOAT, TreeID TEXT);
CREATE TABLE FamilyTable (FamilyID INTEGER PRIMARY KEY, FatherID INTEGER, MotherID INTEGER, ChildID INTEGER, HusbOrder INTEGER, WifeOrder INTEGER, IsPrivate INTEGER, Proof INTEGER, SpouseLabel INTEGER, FatherLabel INTEGER, MotherLabel INTEGER, SpouseLabelStr TEXT, FatherLabelStr TEXT, MotherLabelStr TEXT, Note TEXT, UTCModDate FLOAT );
INSERT INTO FamilyTable VALUES(1,1,2,3,0,0,0,0,0,0,0,'','','','',45823.20536575231381);
CREATE TABLE GroupTable (RecID INTEGER PRIMARY KEY, GroupID INTEGER, StartID INTEGER, EndID INTEGER, UTCModDate FLOAT );
CREATE TABLE MediaLinkTable (LinkID INTEGER PRIMARY KEY, MediaID INTEGER, OwnerType INTEGER, OwnerID INTEGER, IsPrimary INTEGER, Include1 INTEGER, Include2 INTEGER, Include3 INTEGER, Include4 INTEGER, SortOrder INTEGER, RectLeft INTEGER, RectTop INTEGER, RectRight INTEGER, RectBottom INTEGER, Comments TEXT, UTCModDate FLOAT );
INSERT INTO MediaLinkTable VALUES(1,1,4,1,0,1,0,0,0,0,0,0,0,0,'',45823.78897685185074);
INSERT INTO MediaLinkTable VALUES(2,2,3,1,0,1,0,0,0,0,0,0,0,0,'',45823.96626439815009);
CREATE TABLE MultimediaTable (MediaID INTEGER PRIMARY KEY, MediaType INTEGER, MediaPath TEXT, MediaFile TEXT COLLATE RMNOCASE, URL TEXT, Thumbnail BLOB, Caption TEXT COLLATE RMNOCASE, RefNumber TEXT COLLATE RMNOCASE, Date TEXT, SortDate BIGINT, Description TEXT, UTCModDate FLOAT );
INSERT INTO MultimediaTable VALUES(1,1,'F:\','DBTest file -in abs dir1.txt','',NULL,'Cit 1 Src 1 MEDIA ITEM 1 caption','Cit 1 Src 1 MEDIA ITEM 1 ref#','TCit 1 Src 1 MEDIA ITEM 1 date',0,'Cit 1 Src 1 MEDIA ITEM 1 Description Note',45823.96698216435471);
INSERT INTO MultimediaTable VALUES(2,1,'F:\test dir to check TEF','DBTest file -in abs dir2.txt','',NULL,'','','.',2498223063568,'',45862.72191298611142);
INSERT INTO MultimediaTable VALUES(3,2,'G:\My Drive','DBTest-file in GoogleDrive.txt','',NULL,'','','.',9223372036854775807,'',45860.74538302083237);
INSERT INTO MultimediaTable VALUES(4,2,'~\test dir to check TEF','DBTest file -in home dir2.txt','',NULL,'','','.',9223372036854775807,'',45860.74611164351517);
INSERT INTO MultimediaTable VALUES(5,2,'~','DBTest file -in home dir1.txt','',NULL,'','','.',9223372036854775807,'',45860.74621877315075);
INSERT INTO MultimediaTable VALUES(6,1,'?\','DBTest file 01.jpg','',NULL,'','','.',9223372036854775807,'',45860.86329694444431);
INSERT INTO MultimediaTable VALUES(7,1,'?\','DBTest file 02.jpg','',NULL,'','','.',9223372036854775807,'',45860.86329750000005);
INSERT INTO MultimediaTable VALUES(8,1,'?\','DBTest file 03.jpg','',NULL,'','','.',9223372036854775807,'',45860.86329787036811);
INSERT INTO MultimediaTable VALUES(9,1,'?\','DBTest file 04.jpg','',NULL,'','','.',9223372036854775807,'',45860.8632983101852);
INSERT INTO MultimediaTable VALUES(10,1,'?\','DBTest file 05.jpg','',NULL,'','','.',9223372036854775807,'',45860.86329862268759);
INSERT INTO MultimediaTable VALUES(11,1,'?\sub1','DBTest file s1 01.jpg','',NULL,'','','.',9223372036854775807,'',45860.86335381944082);
INSERT INTO MultimediaTable VALUES(12,1,'?\sub1','DBTest file s1 02.jpg','',NULL,'','','.',9223372036854775807,'',45860.86335417824012);
INSERT INTO MultimediaTable VALUES(13,1,'?\sub1','DBTest file s1 03.jpg','',NULL,'','','.',9223372036854775807,'',45860.86335454860818);
INSERT INTO MultimediaTable VALUES(14,2,'*','DBTest file -in database dir1.txt','',NULL,'','','.',9223372036854775807,'',45860.86349179397802);
INSERT INTO MultimediaTable VALUES(15,2,'*\test dir','DBTest file -in database dir2.txt','',NULL,'','','.',9223372036854775807,'',45860.86353481481638);
INSERT INTO MultimediaTable VALUES(16,1,'?\DBTest file s1 01.jpg',' ',NULL,NULL,NULL,NULL,NULL,9223372036854775807,'dir col points to a file',45862.80312275460164);
INSERT INTO MultimediaTable VALUES(17,1,'?\','sub1',NULL,NULL,NULL,NULL,NULL,9223372036854775807,'file col points to a dir',45862.80312275460164);
INSERT INTO MultimediaTable VALUES(18,1,'?\sub1','DB test -not found.jpg','',NULL,'','','.',9223372036854775807,'',45862.80312275463075);
INSERT INTO MultimediaTable VALUES(19,1,'?\sub1\ssub1','DBTest file ss1 dupFileName.jpg','',NULL,'filename duplicated in 2 diff folders','','.',9223372036854775807,'',45862.82956719907088);
INSERT INTO MultimediaTable VALUES(20,1,'?\sub1','DBTest file ss1 dupFileName.jpg','',NULL,'filename duplicated in 2 diff folders','','.',2502630500624,'',45862.83158937499683);
INSERT INTO MultimediaTable VALUES(21,1,'?\sub1\ssub1','DBTest file ss1 dup_In_DB.jpg','',NULL,'Has 2 entries in DB for same file','','.',2502630500624,'',45862.83145612268708);
INSERT INTO MultimediaTable VALUES(22,1,'?\sub1\ssub1','DBTest file ss1 dup_In_DB.jpg','',NULL,'Has 2 entries in DB for same file','','.',2502630500624,'',45862.83074807870435);
INSERT INTO MultimediaTable VALUES(23,1,'?\sub1\ssub1','DBTest file ss1 03.jpg','',NULL,'','','.',9223372036854775807,'',45862.83409501157439);
INSERT INTO MultimediaTable VALUES(24,1,'?\sub1\ssub1','DBTest file ss1 01.jpg','',NULL,'','','.',9223372036854775807,'',45862.83409538194247);
INSERT INTO MultimediaTable VALUES(25,1,'?\sub1\ssub1','DBTest file ss1 02.jpg','',NULL,'','','.',9223372036854775807,'',45862.83409582175954);
INSERT INTO MultimediaTable VALUES(26,1,'?\sub1\ssub1','DBTest file ss1 trp_In_DB.jpg','',NULL,'Has 3 entries in DB for same file','','.',2502630500624,'',45862.83074807869708);
INSERT INTO MultimediaTable VALUES(27,1,'?\sub1\ssub1','DBTest file ss1 trp_In_DB.jpg','',NULL,'Has 3 entries in DB for same file','','.',2502630500624,'',45862.83074807869708);
INSERT INTO MultimediaTable VALUES(28,1,'?\sub1\ssub1','DBTest file ss1 trp_In_DB.jpg','',NULL,'Has 3 entries in DB for same file','','.',2502630500624,'',45862.83074807869708);
CREATE TABLE NameTable (NameID INTEGER PRIMARY KEY, OwnerID INTEGER, Surname TEXT COLLATE RMNOCASE, Given TEXT COLLATE RMNOCASE, Prefix TEXT COLLATE RMNOCASE, Suffix TEXT COLLATE RMNOCASE, Nickname TEXT COLLATE RMNOCASE, NameType INTEGER, Date TEXT, SortDate BIGINT, IsPrimary INTEGER, IsPrivate INTEGER, Proof INTEGER, Sentence TEXT, Note TEXT, BirthYear INTEGER, DeathYear INTEGER, Display INTEGER, Language TEXT, UTCModDate FLOAT, SurnameMP TEXT, GivenMP TEXT, NicknameMP TEXT );
INSERT INTO NameTable VALUES(1,1,'name-s-#1','name-g','','','',0,'.',9223372036854775807,1,0,0,'','',2000,2100,0,'',45835.93416424768656,'name-s-#1','name-g','');
INSERT INTO NameTable VALUES(2,2,'name-f-#2','name-g','','','',0,'.',9223372036854775807,1,0,0,'','',0,0,0,'',45835.93431120370223,'name-f-#2','name-g','');
INSERT INTO NameTable VALUES(3,3,'name-s-#3','name-g','test-prefix','test-suffix','',0,'D.+19600203..+00000000..',6732953478109331468,1,0,0,'','',1950,2000,0,'',45835.93456112268178,'name-s-#3','name-g','');
INSERT INTO NameTable VALUES(4,4,'name-s-(tree2)-#4','name-g','','','',0,'D.+20000101..+00000000..',6755435192362467340,1,0,0,'','',0,0,0,'',45838.25321656250163,'name-s-(tree2)-#4','name-g','');
INSERT INTO NameTable VALUES(5,1,'name-s 1','alt_name-1','','','',0,'.',9223372036854775807,0,0,0,'','',2000,2100,0,'',45862.71268017360854,'name-s 1','alt_name-1','');
INSERT INTO NameTable VALUES(6,4,'name-s-(tree 2)-#4','name-g','ALT-name-1','','',0,'D.+20010203..+00000000..',6756034426199605260,0,0,0,'','',0,0,0,'',45838.25332026620163,'name-s-(tree 2)-#4','name-g','');
INSERT INTO NameTable VALUES(7,4,'name-s(tree 2)-#4','name-g','ALT-name-2','','',0,'D.+20020303..+00000000..',6756632560525115404,0,0,0,'','',0,0,0,'',45838.25343980324396,'name-s(tree 2)-#4','name-g','');
INSERT INTO NameTable VALUES(8,3,'','ALT-name-1','','','',0,'.',9223372036854775807,0,0,0,'','',1950,2000,0,'',45862.71268027777842,'','ALT-name-1','');
CREATE TABLE PersonTable (PersonID INTEGER PRIMARY KEY, UniqueID TEXT, Sex INTEGER, ParentID INTEGER, SpouseID INTEGER, Color INTEGER, Color1 INTEGER, Color2 INTEGER, Color3 INTEGER, Color4 INTEGER, Color5 INTEGER, Color6 INTEGER, Color7 INTEGER, Color8 INTEGER, Color9 INTEGER, Relate1 INTEGER, Relate2 INTEGER, Flags INTEGER, Living INTEGER, IsPrivate INTEGER, Proof INTEGER, Bookmark INTEGER, Note TEXT, UTCModDate FLOAT );
INSERT INTO PersonTable VALUES(1,'B3CC8759587C4C7AB3C01CCB51D4B65583B9',0,0,1,0,0,0,0,0,0,0,0,0,0,0,0,0,0,0,0,0,'',45835.93416461805464);
INSERT INTO PersonTable VALUES(2,'CD54562ABF714F328C5589383BABEAC78BC2',1,0,1,0,0,0,0,0,0,0,0,0,0,0,0,0,1,0,0,0,'',45835.93431157407758);
INSERT INTO PersonTable VALUES(3,'1213E358FB5B470082C50E2B3831BF34D955',2,1,0,0,0,0,0,0,0,0,0,0,0,0,0,0,0,0,0,0,'',45837.0);
INSERT INTO PersonTable VALUES(4,'52A6384107E44EE488E44718EFC4D2DCBA8D',2,0,0,0,0,0,0,0,0,0,0,0,0,0,0,0,1,0,0,0,'',45837.0);
CREATE TABLE PlaceTable (PlaceID INTEGER PRIMARY KEY, PlaceType INTEGER, Name TEXT COLLATE RMNOCASE, Abbrev TEXT, Normalized TEXT, Latitude INTEGER, Longitude INTEGER, LatLongExact INTEGER, MasterID INTEGER, Note TEXT, Reverse TEXT COLLATE RMNOCASE, fsID INTEGER, anID INTEGER, UTCModDate FLOAT );
CREATE TABLE RoleTable (RoleID INTEGER PRIMARY KEY, RoleName TEXT COLLATE RMNOCASE, EventType INTEGER, RoleType INTEGER, Sentence TEXT, UTCModDate FLOAT );
INSERT INTO RoleTable VALUES(1,'Witness',1,0,'[ThisPerson] witnessed the birth of [person]< [Date]>< [PlaceDetails]>< [Place]>.',45823.20411162036907);
INSERT INTO RoleTable VALUES(2,'Doctor',1,0,'[ThisPerson] delivered [person]< [Date]>< [PlaceDetails]>< [Place]>.',45823.20411162036907);
INSERT INTO RoleTable VALUES(3,'Witness',2,0,'[ThisPerson] witnessed the death of [person]< [Date]>< [PlaceDetails]>< [Place]>.',45823.20411162036907);
INSERT INTO RoleTable VALUES(4,'Witness',3,0,'[ThisPerson] witnessed the christening of [person]< [Date]>< [PlaceDetails]>< [Place]>.',45823.20411162036907);
INSERT INTO RoleTable VALUES(5,'Witness',4,0,'[ThisPerson] witnessed the burial of [person]< [Date]>< [PlaceDetails]>< [Place]>.',45823.20411162036907);
INSERT INTO RoleTable VALUES(6,'Witness',5,0,'[ThisPerson] witnessed the cremation of [person]< [Date]>< [PlaceDetails]>< [Place]>.',45823.20411162036907);
INSERT INTO RoleTable VALUES(7,'Witness',6,0,'[ThisPerson] witnessed the adoption of [person]< [Date]>< [PlaceDetails]>< [Place]>.',45823.20411162036907);
INSERT INTO RoleTable VALUES(8,'Witness',7,0,'[ThisPerson] witnessed the baptism of [person]< [Date]>< [PlaceDetails]>< [Place]>.',45823.20411162036907);
INSERT INTO RoleTable VALUES(9,'Witness',8,0,'[ThisPerson] witnessed the bar mitzvah of [person]< [Date]>< [PlaceDetails]>< [Place]>.',45823.20411162036907);
INSERT INTO RoleTable VALUES(10,'Witness',9,0,'[ThisPerson] witnessed the bas mitzvah of [person]< [Date]>< [PlaceDetails]>< [Place]>.',45823.20411162036907);
INSERT INTO RoleTable VALUES(11,'Witness',10,0,'[ThisPerson] witnessed the blessing of [person]< [Date]>< [PlaceDetails]>< [Place]>.',45823.20411162036907);
INSERT INTO RoleTable VALUES(12,'Witness',11,0,'[ThisPerson] witnessed the christening of [person]< [Date]>< [PlaceDetails]>< [Place]>.',45823.20411162036907);
INSERT INTO RoleTable VALUES(13,'Witness',12,0,'[ThisPerson] witnessed the confirmation of [person]< [Date]>< [PlaceDetails]>< [Place]>.',45823.20411162036907);
INSERT INTO RoleTable VALUES(14,'Witness',13,0,'[ThisPerson] witnessed the first communion of [person]< [Date]>< [PlaceDetails]>< [Place]>.',45823.20411162036907);
INSERT INTO RoleTable VALUES(15,'Witness',14,0,'[ThisPerson] witnessed the ordination of [person]< [Date]>< [PlaceDetails]>< [Place]>.',45823.20411162036907);
INSERT INTO RoleTable VALUES(16,'Witness',15,0,'[ThisPerson] witnessed the naturalization of [person]< [Date]>< [PlaceDetails]>< [Place]>.',45823.20411162036907);
INSERT INTO RoleTable VALUES(17,'Witness',16,0,'[ThisPerson] witnessed the emigration of [person]< [Date]>< [PlaceDetails]>< [Place]>.',45823.20411162036907);
INSERT INTO RoleTable VALUES(18,'Witness',17,0,'[ThisPerson] witnessed the immigration of [person]< [Date]>< [PlaceDetails]>< [Place]>.',45823.20411162036907);
INSERT INTO RoleTable VALUES(19,'Witness',18,0,'[ThisPerson] appeared in the household of [person] in the census< [Date]>< [PlaceDetails]>< [Place]>.',45823.20411162036907);
INSERT INTO RoleTable VALUES(20,'Witness',19,0,'[ThisPerson] witnessed the probate of [person]< [Date]>< [PlaceDetails]>< [Place]>.',45823.20411162036907);
INSERT INTO RoleTable VALUES(21,'Witness',20,0,'[ThisPerson] witnessed the will of [person]< [Date]>< [PlaceDetails]>< [Place]>.',45823.20411162036907);
INSERT INTO RoleTable VALUES(22,'Heir',20,0,'[ThisPerson] was named an heir in the will of [person]< [Date]>< [PlaceDetails]>< [Place]>.',45823.20411162036907);
INSERT INTO RoleTable VALUES(23,'Executor',20,0,'[ThisPerson] was named an executor for the will of [person]< [Date]>< [PlaceDetails]>< [Place]>.',45823.20411162036907);
INSERT INTO RoleTable VALUES(24,'Witness',21,0,'[ThisPerson] witnessed the graduation of [person]< [Date]>< [PlaceDetails]>< [Place]>.',45823.20411162036907);
INSERT INTO RoleTable VALUES(25,'Witness',22,0,'[ThisPerson] witnessed the retirement of [person]< [Date]>< [PlaceDetails]>< [Place]>.',45823.20411162036907);
INSERT INTO RoleTable VALUES(26,'Witness',23,0,'[ThisPerson] witnessed the appearance of [person] as [Desc]< [Date]>< [PlaceDetails]>< [Place]>.',45823.20411162036907);
INSERT INTO RoleTable VALUES(27,'Witness',24,0,'[ThisPerson] witnessed the education of [person]< [Date]>< [PlaceDetails]>< [Place]>.',45823.20411162036907);
INSERT INTO RoleTable VALUES(28,'Witness',25,0,'[ThisPerson] witnessed the nationality of [person] as [Desc]< [Date]>< [PlaceDetails]>< [Place]>.',45823.20411162036907);
INSERT INTO RoleTable VALUES(29,'Witness',26,0,'[ThisPerson] witnessed the occupation of [person]< [Date]> as [Desc:A]< [PlaceDetails]>< [Place]>.',45823.20411162036907);
INSERT INTO RoleTable VALUES(30,'Witness',27,0,'[ThisPerson] witnessed the property of [person] as [Desc:A]< [Date]>< [PlaceDetails]>< [Place]>.',45823.20411162036907);
INSERT INTO RoleTable VALUES(31,'Witness',28,0,'[ThisPerson] witnessed the religion of [person] as [Desc:A]< [Date]>< [PlaceDetails]>< [Place]>.',45823.20411162036907);
INSERT INTO RoleTable VALUES(32,'Witness',29,0,'[ThisPerson] lived in the residence of [person] < [PlaceDetails]>< [Place]>< [Date]>.',45823.20411162036907);
INSERT INTO RoleTable VALUES(33,'Witness',31,0,'[ThisPerson] witnessed the baptism of [person] into the LDS Church< [Date]>< [PlaceDetails]>< [Place]>.',45823.20411162036907);
INSERT INTO RoleTable VALUES(34,'Witness',32,0,'[ThisPerson] witnessed the endowment of [person]< [Date]>< [PlaceDetails]>< [Place]>.',45823.20411162036907);
INSERT INTO RoleTable VALUES(35,'Witness',33,0,'[ThisPerson] witnessed the sealed to parents of [person]< [Date]>< [PlaceDetails]>< [Place]>.',45823.20411162036907);
INSERT INTO RoleTable VALUES(36,'Witness',36,0,'[ThisPerson] witnessed the associated with [Desc] of [person]< [Date]>< [PlaceDetails]>< [Place]>.',45823.20411162036907);
INSERT INTO RoleTable VALUES(37,'Witness',38,0,'[ThisPerson] witnessed the confirmation of [person] as a member of the LDS Church< [Date]>< [PlaceDetails]>< [Place]>.',45823.20411162036907);
INSERT INTO RoleTable VALUES(38,'Witness',39,0,'[ThisPerson] witnessed the LDS initiatory of [person]< [Date]>< [PlaceDetails]>< [Place]>.',45823.20411162036907);
INSERT INTO RoleTable VALUES(39,'Witness',300,0,'[ThisPerson] witnessed the marriage of [couple]< [Date]>< [PlaceDetails]>< [Place]>.',45823.20411162036907);
INSERT INTO RoleTable VALUES(40,'Witness',301,0,'[ThisPerson] witnessed the annulment of the marriage of [couple]< [Date]>< [PlaceDetails]>< [Place]>.',45823.20411162036907);
INSERT INTO RoleTable VALUES(41,'Witness',302,0,'[ThisPerson] witnessed the divorce of [couple]< [Date]>< [PlaceDetails]>< [Place]>.',45823.20411162036907);
INSERT INTO RoleTable VALUES(42,'Witness',303,0,'[ThisPerson] witnessed the divorce filing of [couple]< [Date]>< [PlaceDetails]>< [Place]>.',45823.20411162036907);
INSERT INTO RoleTable VALUES(43,'Witness',304,0,'[ThisPerson] witnessed the engagement of [couple]< [Date]>< [PlaceDetails]>< [Place]>.',45823.20411162036907);
INSERT INTO RoleTable VALUES(44,'Witness',305,0,'[ThisPerson] witnessed the publishing of the marriage banns of [couple]<[Date]>< [PlaceDetails]>< [Place]>.',45823.20411162036907);
INSERT INTO RoleTable VALUES(45,'Witness',306,0,'[ThisPerson] witnessed the marriage contract of [couple]< [Date]>< [PlaceDetails]>< [Place]>.',45823.20411162036907);
INSERT INTO RoleTable VALUES(46,'Witness',307,0,'[ThisPerson] witnessed the obtaining of the marriage license by [couple]< [Date]>< [PlaceDetails]>< [Place]>.',45823.20411162036907);
INSERT INTO RoleTable VALUES(47,'Witness',308,0,'[ThisPerson] witnessed the marriage settlement of [couple]< [Date]>< [PlaceDetails]>< [Place]>.',45823.20411162036907);
INSERT INTO RoleTable VALUES(48,'Witness',309,0,'[ThisPerson] witnessed the sealing of [couple]< [Date]>< [PlaceDetails]>< [Place]>.',45823.20411162036907);
INSERT INTO RoleTable VALUES(49,'Witness',311,0,'[ThisPerson] appeared in the census in the household of [couple]< [Date]>< [PlaceDetails]>< [Place]>.',45823.20411162036907);
INSERT INTO RoleTable VALUES(50,'Witness',500,0,'[ThisPerson] witnessed the degree of [person]< [Date]>< [PlaceDetails]>< [Place]>.',45823.20411162036907);
INSERT INTO RoleTable VALUES(51,'Witness',501,0,'[ThisPerson] witnessed the military service of [person]< [Date]>< [PlaceDetails]>< [Place]>.',45823.20411162036907);
INSERT INTO RoleTable VALUES(52,'Witness',502,0,'[ThisPerson] witnessed the mission of [person]< [Date]>< [PlaceDetails]>< [Place]>.',45823.20411162036907);
INSERT INTO RoleTable VALUES(53,'Witness',503,0,'[ThisPerson] witnessed the stillbirth of [person]< [Date]>< [PlaceDetails]>< [Place]>.',45823.20411162036907);
INSERT INTO RoleTable VALUES(54,'Witness',504,0,'[ThisPerson] witnessed the illness of [person] with [Desc]< [Date]>< [PlaceDetails]>< [Place]>.',45823.20411162036907);
INSERT INTO RoleTable VALUES(55,'Witness',507,0,'[ThisPerson] witnessed the election of [person] as [Desc]< [Date]>< [PlaceDetails]>< [Place]>.',45823.20411162036907);
INSERT INTO RoleTable VALUES(56,'Witness',508,0,'[ThisPerson] witnessed the excommunication of [person]< [Date]>< [PlaceDetails]>< [Place]>.',45823.20411162036907);
INSERT INTO RoleTable VALUES(57,'Witness',510,0,'[ThisPerson] witnessed the separation of [couple]< [Date]>< [PlaceDetails]>< [Place]>.',45823.20411162036907);
INSERT INTO RoleTable VALUES(58,'Witness',999,0,'[person]< [Desc]>< [Date]>< [PlaceDetails]>< [Place]>.',45823.20411162036907);
CREATE TABLE SourceTable (SourceID INTEGER PRIMARY KEY, Name TEXT COLLATE RMNOCASE, RefNumber TEXT, ActualText TEXT, Comments TEXT, IsPrivate INTEGER, TemplateID INTEGER, Fields BLOB, UTCModDate FLOAT );
INSERT INTO SourceTable VALUES(1,'Source-1 based on _test-template-1','','source 1  SourceText note',unistr('source 1  SourceComment note\u000d\u000a'),1,10000,X'3c526f6f743e3c4669656c64733e3c4669656c643e3c4e616d653e737263206669656c64203120746578743c2f4e616d653e3c56616c75653e6669656c64203120646174613c2f56616c75653e3c2f4669656c643e3c4669656c643e3c4e616d653e737263206669656c64203220646174653c2f4e616d653e3c56616c75653e6669656c64203220646174613c2f56616c75653e3c2f4669656c643e3c4669656c643e3c4e616d653e737263206669656c64203320706c6163653c2f4e616d653e3c56616c75653e6669656c64203320646174613c2f56616c75653e3c2f4669656c643e3c4669656c643e3c4e616d653e737263206669656c642034206e616d653c2f4e616d653e3c56616c75653e6669656c64203420646174613c2f56616c75653e3c2f4669656c643e3c2f4669656c64733e3c2f526f6f743e',45823.89594944444253);
INSERT INTO SourceTable VALUES(2,'Source-2 based on _test-template-1','','source 1  SourceText note',unistr('source 1  SourceComment note\u000d\u000a'),1,10000,X'3c526f6f743e3c4669656c64733e3c4669656c643e3c4e616d653e737263206669656c64203120746578743c2f4e616d653e3c56616c75653e6669656c64203120646174613c2f56616c75653e3c2f4669656c643e3c4669656c643e3c4e616d653e737263206669656c64203220646174653c2f4e616d653e3c56616c75653e6669656c64203220646174613c2f56616c75653e3c2f4669656c643e3c4669656c643e3c4e616d653e737263206669656c64203320706c6163653c2f4e616d653e3c56616c75653e6669656c64203320646174613c2f56616c75653e3c2f4669656c643e3c4669656c643e3c4e616d653e737263206669656c642034206e616d653c2f4e616d653e3c56616c75653e6669656c64203420646174613c2f56616c75653e3c2f4669656c643e3c2f4669656c64733e3c2f526f6f743e',45823.89516262731195);
INSERT INTO SourceTable VALUES(3,'Source-1 based on template ATLAS','','source text','source comment',1,6,X'3c526f6f743e3c4669656c64733e3c4669656c643e3c4e616d653e417574686f723c2f4e616d653e3c56616c75653e6175743c2f56616c75653e3c2f4669656c643e3c4669656c643e3c4e616d653e5469746c653c2f4e616d653e3c56616c75653e7469746c653c2f56616c75653e3c2f4669656c643e3c4669656c643e3c4e616d653e44657461696c733c2f4e616d653e3c56616c75653e6465743c2f56616c75653e3c2f4669656c643e3c4669656c643e3c4e616d653e45646974696f6e3c2f4e616d653e3c56616c75653e65643c2f56616c75653e3c2f4669656c643e3c4669656c643e3c4e616d653e4f726967696e616c507562446174653c2f4e616d653e3c56616c75653e6f7269673c2f56616c75653e3c2f4669656c643e3c4669656c643e3c4e616d653e507562506c6163653c2f4e616d653e3c56616c75653e706c613c2f56616c75653e3c2f4669656c643e3c4669656c643e3c4e616d653e5075626c69736865723c2f4e616d653e3c56616c75653e7075623c2f56616c75653e3c2f4669656c643e3c4669656c643e3c4e616d653e507562446174653c2f4e616d653e3c56616c75653e70756220646174653c2f56616c75653e3c2f4669656c643e3c2f4669656c64733e3c2f526f6f743e',45823.89531069444637);
INSERT INTO SourceTable VALUES(4,'Source-2 based on template ATLAS','','','',0,6,X'3c526f6f743e3c4669656c64733e3c4669656c643e3c4e616d653e417574686f723c2f4e616d653e3c56616c75653e3c2f56616c75653e3c2f4669656c643e3c4669656c643e3c4e616d653e5469746c653c2f4e616d653e3c56616c75653e3c2f56616c75653e3c2f4669656c643e3c4669656c643e3c4e616d653e44657461696c733c2f4e616d653e3c56616c75653e3c2f56616c75653e3c2f4669656c643e3c4669656c643e3c4e616d653e45646974696f6e3c2f4e616d653e3c56616c75653e3c2f56616c75653e3c2f4669656c643e3c4669656c643e3c4e616d653e4f726967696e616c507562446174653c2f4e616d653e3c56616c75653e3c2f56616c75653e3c2f4669656c643e3c4669656c643e3c4e616d653e507562506c6163653c2f4e616d653e3c56616c75653e3c2f56616c75653e3c2f4669656c643e3c4669656c643e3c4e616d653e5075626c69736865723c2f4e616d653e3c56616c75653e3c2f56616c75653e3c2f4669656c643e3c4669656c643e3c4e616d653e507562446174653c2f4e616d653e3c56616c75653e3c2f56616c75653e3c2f4669656c643e3c2f4669656c64733e3c2f526f6f743e',45824.03852795138664);
INSERT INTO SourceTable VALUES(5,'Source-3 based on template ATLAS','','','',1,6,X'3c526f6f743e3c4669656c64733e3c4669656c643e3c4e616d653e417574686f723c2f4e616d653e3c56616c75653e3c2f56616c75653e3c2f4669656c643e3c4669656c643e3c4e616d653e5469746c653c2f4e616d653e3c56616c75653e3c2f56616c75653e3c2f4669656c643e3c4669656c643e3c4e616d653e44657461696c733c2f4e616d653e3c56616c75653e3c2f56616c75653e3c2f4669656c643e3c4669656c643e3c4e616d653e45646974696f6e3c2f4e616d653e3c56616c75653e3c2f56616c75653e3c2f4669656c643e3c4669656c643e3c4e616d653e4f726967696e616c507562446174653c2f4e616d653e3c56616c75653e3c2f56616c75653e3c2f4669656c643e3c4669656c643e3c4e616d653e507562506c6163653c2f4e616d653e3c56616c75653e3c2f56616c75653e3c2f4669656c643e3c4669656c643e3c4e616d653e5075626c69736865723c2f4e616d653e3c56616c75653e3c2f56616c75653e3c2f4669656c643e3c4669656c643e3c4e616d653e507562446174653c2f4e616d653e3c56616c75653e3c2f56616c75653e3c2f4669656c643e3c2f4669656c64733e3c2f526f6f743e',45824.04006265046337);
CREATE TABLE SourceTemplateTable (TemplateID INTEGER PRIMARY KEY, Name TEXT COLLATE RMNOCASE, Description TEXT, Favorite INTEGER, Category TEXT, Footnote TEXT, ShortFootnote TEXT, Bibliography TEXT, FieldDefs BLOB, UTCModDate FLOAT );
INSERT INTO SourceTemplateTable VALUES(10000,'_test-template-1','',0,'','','','',X'3c526f6f743e3c4669656c64733e3c4669656c643e3c4669656c644e616d653e737263206669656c64203120746578743c2f4669656c644e616d653e3c446973706c61794e616d653e737263206669656c642031207465787420646973706c61793c2f446973706c61794e616d653e3c547970653e546578743c2f547970653e3c48696e743e737263206669656c64203120746578742062726965662068696e743c2f48696e743e3c4c6f6e6748696e743e737263206669656c6420312074657874206c6f6e672068696e743c2f4c6f6e6748696e743e3c4369746174696f6e4669656c643e46616c73653c2f4369746174696f6e4669656c643e3c2f4669656c643e3c4669656c643e3c4669656c644e616d653e737263206669656c64203220646174653c2f4669656c644e616d653e3c446973706c61794e616d653e737263206669656c642032206461746520646973706c61793c2f446973706c61794e616d653e3c547970653e446174653c2f547970653e3c48696e743e737263206669656c64203220646174652062726965662068696e743c2f48696e743e3c4c6f6e6748696e743e737263206669656c6420322064617465206c6f6e672068696e743c2f4c6f6e6748696e743e3c4369746174696f6e4669656c643e46616c73653c2f4369746174696f6e4669656c643e3c2f4669656c643e3c4669656c643e3c4669656c644e616d653e737263206669656c64203320706c6163653c2f4669656c644e616d653e3c446973706c61794e616d653e737263206669656c64203320706c61636520646973706c61793c2f446973706c61794e616d653e3c547970653e506c6163653c2f547970653e3c48696e743e737263206669656c64203320706c6163652062726965662068696e743c2f48696e743e3c4c6f6e6748696e743e737263206669656c64203320706c616365206c6f6e672068696e743c2f4c6f6e6748696e743e3c4369746174696f6e4669656c643e46616c73653c2f4369746174696f6e4669656c643e3c2f4669656c643e3c4669656c643e3c4669656c644e616d653e737263206669656c642034206e616d653c2f4669656c644e616d653e3c446973706c61794e616d653e737263206669656c642034206e616d6520646973706c61793c2f446973706c61794e616d653e3c547970653e4e616d653c2f547970653e3c48696e743e737263206669656c642034206e616d652062726965662068696e743c2f48696e743e3c4c6f6e6748696e743e737263206669656c642034206e616d65206c6f6e672068696e743c2f4c6f6e6748696e743e3c4369746174696f6e4669656c643e46616c73653c2f4369746174696f6e4669656c643e3c2f4669656c643e3c4669656c643e3c4669656c644e616d653e636974206669656c64203120746578743c2f4669656c644e616d653e3c446973706c61794e616d653e636974206669656c642031207465787420646973706c61793c2f446973706c61794e616d653e3c547970653e546578743c2f547970653e3c48696e743e636974206669656c64203120746578742062726965662068696e743c2f48696e743e3c4c6f6e6748696e743e636974206669656c6420312074657874206c6f6e672068696e743c2f4c6f6e6748696e743e3c4369746174696f6e4669656c643e547275653c2f4369746174696f6e4669656c643e3c2f4669656c643e3c4669656c643e3c4669656c644e616d653e636974206669656c64203220646174653c2f4669656c644e616d653e3c446973706c61794e616d653e636974206669656c642032206461746520646973706c61793c2f446973706c61794e616d653e3c547970653e446174653c2f547970653e3c48696e743e636974206669656c64203220646174652062726965662068696e743c2f48696e743e3c4c6f6e6748696e743e636974206669656c6420322064617465206c6f6e672068696e743c2f4c6f6e6748696e743e3c4369746174696f6e4669656c643e547275653c2f4369746174696f6e4669656c643e3c2f4669656c643e3c4669656c643e3c4669656c644e616d653e636974206669656c64203320706c6163653c2f4669656c644e616d653e3c446973706c61794e616d653e636974206669656c64203320706c61636520646973706c61793c2f446973706c61794e616d653e3c547970653e506c6163653c2f547970653e3c48696e743e636974206669656c64203320706c6163652062726965662068696e743c2f48696e743e3c4c6f6e6748696e743e636974206669656c64203320706c616365206c6f6e672068696e743c2f4c6f6e6748696e743e3c4369746174696f6e4669656c643e547275653c2f4369746174696f6e4669656c643e3c2f4669656c643e3c4669656c643e3c4669656c644e616d653e636974206669656c642034206e616d653c2f4669656c644e616d653e3c446973706c61794e616d653e636974206669656c642034206e616d6520646973706c61793c2f446973706c61794e616d653e3c547970653e4e616d653c2f547970653e3c48696e743e636974206669656c642034206e616d6520646973706c61792062726965662068696e743c2f48696e743e3c4c6f6e6748696e743e636974206669656c642034206e616d6520646973706c6179206c6f6e672068696e743c2f4c6f6e6748696e743e3c4369746174696f6e4669656c643e547275653c2f4369746174696f6e4669656c643e3c2f4669656c643e3c2f4669656c64733e3c2f526f6f743e',45823.89477876157616);
INSERT INTO SourceTemplateTable VALUES(10001,'_test-template-2','',0,'','','','',X'3c526f6f743e3c4669656c64733e3c4669656c643e3c4669656c644e616d653e737263206669656c64203120746578743c2f4669656c644e616d653e3c446973706c61794e616d653e737263206669656c642031207465787420646973706c61793c2f446973706c61794e616d653e3c547970653e546578743c2f547970653e3c48696e743e737263206669656c64203120746578742062726965662068696e743c2f48696e743e3c4c6f6e6748696e743e737263206669656c6420312074657874206c6f6e672068696e743c2f4c6f6e6748696e743e3c4369746174696f6e4669656c643e46616c73653c2f4369746174696f6e4669656c643e3c2f4669656c643e3c4669656c643e3c4669656c644e616d653e737263206669656c64203220646174653c2f4669656c644e616d653e3c446973706c61794e616d653e737263206669656c642032206461746520646973706c61793c2f446973706c61794e616d653e3c547970653e446174653c2f547970653e3c48696e743e737263206669656c64203220646174652062726965662068696e743c2f48696e743e3c4c6f6e6748696e743e737263206669656c6420322064617465206c6f6e672068696e743c2f4c6f6e6748696e743e3c4369746174696f6e4669656c643e46616c73653c2f4369746174696f6e4669656c643e3c2f4669656c643e3c4669656c643e3c4669656c644e616d653e737263206669656c64203320706c6163653c2f4669656c644e616d653e3c446973706c61794e616d653e737263206669656c64203320706c61636520646973706c61793c2f446973706c61794e616d653e3c547970653e506c6163653c2f547970653e3c48696e743e737263206669656c64203320706c6163652062726965662068696e743c2f48696e743e3c4c6f6e6748696e743e737263206669656c64203320706c616365206c6f6e672068696e743c2f4c6f6e6748696e743e3c4369746174696f6e4669656c643e46616c73653c2f4369746174696f6e4669656c643e3c2f4669656c643e3c4669656c643e3c4669656c644e616d653e737263206669656c642034206e616d653c2f4669656c644e616d653e3c446973706c61794e616d653e737263206669656c642034206e616d6520646973706c61793c2f446973706c61794e616d653e3c547970653e4e616d653c2f547970653e3c48696e743e737263206669656c642034206e616d652062726965662068696e743c2f48696e743e3c4c6f6e6748696e743e737263206669656c642034206e616d65206c6f6e672068696e743c2f4c6f6e6748696e743e3c4369746174696f6e4669656c643e46616c73653c2f4369746174696f6e4669656c643e3c2f4669656c643e3c4669656c643e3c4669656c644e616d653e636974206669656c64203120746578743c2f4669656c644e616d653e3c446973706c61794e616d653e636974206669656c642031207465787420646973706c61793c2f446973706c61794e616d653e3c547970653e546578743c2f547970653e3c48696e743e636974206669656c64203120746578742062726965662068696e743c2f48696e743e3c4c6f6e6748696e743e636974206669656c6420312074657874206c6f6e672068696e743c2f4c6f6e6748696e743e3c4369746174696f6e4669656c643e547275653c2f4369746174696f6e4669656c643e3c2f4669656c643e3c4669656c643e3c4669656c644e616d653e636974206669656c64203220646174653c2f4669656c644e616d653e3c446973706c61794e616d653e636974206669656c642032206461746520646973706c61793c2f446973706c61794e616d653e3c547970653e446174653c2f547970653e3c48696e743e636974206669656c64203220646174652062726965662068696e743c2f48696e743e3c4c6f6e6748696e743e636974206669656c6420322064617465206c6f6e672068696e743c2f4c6f6e6748696e743e3c4369746174696f6e4669656c643e547275653c2f4369746174696f6e4669656c643e3c2f4669656c643e3c4669656c643e3c4669656c644e616d653e636974206669656c64203320706c6163653c2f4669656c644e616d653e3c446973706c61794e616d653e636974206669656c64203320706c61636520646973706c61793c2f446973706c61794e616d653e3c547970653e506c6163653c2f547970653e3c48696e743e636974206669656c64203320706c6163652062726965662068696e743c2f48696e743e3c4c6f6e6748696e743e636974206669656c64203320706c616365206c6f6e672068696e743c2f4c6f6e6748696e743e3c4369746174696f6e4669656c643e547275653c2f4369746174696f6e4669656c643e3c2f4669656c643e3c4669656c643e3c4669656c644e616d653e636974206669656c642034206e616d653c2f4669656c644e616d653e3c446973706c61794e616d653e636974206669656c642034206e616d6520646973706c61793c2f446973706c61794e616d653e3c547970653e4e616d653c2f547970653e3c48696e743e636974206669656c642034206e616d6520646973706c61792062726965662068696e743c2f48696e743e3c4c6f6e6748696e743e636974206669656c642034206e616d6520646973706c6179206c6f6e672068696e743c2f4c6f6e6748696e743e3c4369746174696f6e4669656c643e547275653c2f4369746174696f6e4669656c643e3c2f4669656c643e3c2f4669656c64733e3c2f526f6f743e',45823.8949939930535);
CREATE TABLE TagTable (TagID INTEGER PRIMARY KEY, TagType INTEGER, TagValue INTEGER, TagName TEXT COLLATE RMNOCASE, Description TEXT, UTCModDate FLOAT );
CREATE TABLE TaskLinkTable (LinkID INTEGER PRIMARY KEY, TaskID INTEGER, OwnerType INTEGER, OwnerID INTEGER, UTCModDate FLOAT );
CREATE TABLE TaskTable (TaskID INTEGER PRIMARY KEY, TaskType INTEGER, RefNumber TEXT, Name TEXT COLLATE RMNOCASE, Status INTEGER, Priority INTEGER, Date1 TEXT, Date2 TEXT, Date3 TEXT, SortDate1 BIGINT, SortDate2 BIGINT, SortDate3 BIGINT, Filename TEXT, Details TEXT, Results TEXT, UTCModDate FLOAT, Exclude INTEGER );
CREATE TABLE URLTable (LinkID INTEGER PRIMARY KEY, OwnerType INTEGER, OwnerID INTEGER, LinkType INTEGER, Name TEXT, URL TEXT, Note TEXT, UTCModDate FLOAT );
INSERT INTO URLTable VALUES(1,4,1,0,'Source-1 Citation-1 WebTag 1 Name','Source-1 Citation-1 WebTag 1 URL','Source-1 Citation-1 WebTag 1  Note',45823.96846984954026);
INSERT INTO URLTable VALUES(2,3,3,0,'Source-1 WebTag 1 Name','Source-1 WebTag 1 URL','Source-1 WebTag 1 Note',45823.96915254629858);
CREATE TABLE WitnessTable (WitnessID INTEGER PRIMARY KEY, EventID INTEGER, PersonID INTEGER, WitnessOrder INTEGER, Role INTEGER, Sentence TEXT, Note TEXT, Given TEXT COLLATE RMNOCASE, Surname TEXT COLLATE RMNOCASE, Prefix TEXT COLLATE RMNOCASE, Suffix TEXT COLLATE RMNOCASE, UTCModDate FLOAT );
CREATE TABLE FANTypeTable (FANTypeID INTEGER PRIMARY KEY, Name TEXT COLLATE RMNOCASE, Role1 TEXT, Role2 TEXT, Sentence1 TEXT, Sentence2 TEXT, UTCModDate FLOAT );
INSERT INTO FANTypeTable VALUES(1,'Friends','Friend','Friend','[ThisPerson] was a friend of [Person]< [Desc]>< [Date]>< [PlaceDetails]>< [Place]>.','[ThisPerson] was a friend of [Person]< [Desc]>< [Date]>< [PlaceDetails]>< [Place]>.',45823.20411157407216);
INSERT INTO FANTypeTable VALUES(2,'Neighbors','Neighbor','Neighbor','[ThisPerson] was a neighbor of [Person]< [Desc]>< [Date]>< [PlaceDetails]>< [Place]>.','[ThisPerson] was a neighbor of [Person]< [Desc]>< [Date]>< [PlaceDetails]>< [Place]>.',45823.20411157407216);
INSERT INTO FANTypeTable VALUES(3,'Employment','Employer','Employee','[ThisPerson] employed [Person]< [Desc]>< [Date]>< [PlaceDetails]>< [Place]>.','[ThisPerson] was employed by [Person]< [Desc]>< [Date]>< [PlaceDetails]>< [Place]>.',45823.20411157407216);
INSERT INTO FANTypeTable VALUES(4,'Education','Teacher','Student','[ThisPerson] was a teacher of [Person]< [Desc]>< [Date]>< [PlaceDetails]>< [Place]>.','[ThisPerson] was a student of [Person]< [Desc]>< [Date]>< [PlaceDetails]>< [Place]>.',45823.20411157407216);
INSERT INTO FANTypeTable VALUES(5,'Enslavement','Enslaver','Enslaved person','[ThisPerson] enslaved [Person]< [Desc]>< [Date]>< [PlaceDetails]>< [Place]>.','[ThisPerson] was enslaved by [Person]< [Desc]>< [Date]>< [PlaceDetails]>< [Place]>.',45823.20411157407216);
INSERT INTO FANTypeTable VALUES(6,'Household','Household member','Household member','[ThisPerson] lived in the same household as [Person]< [Desc]>< [Date]>< [PlaceDetails]>< [Place]>.','[ThisPerson] lived in the same household as [Person]< [Desc]>< [Date]>< [PlaceDetails]>< [Place]>.',45823.20411157407216);
INSERT INTO FANTypeTable VALUES(7,'Classmates','Classmate','Classmate','[ThisPerson] was a classmate with [Person]< [Desc]>< [Date]>< [PlaceDetails]>< [Place]>.','[ThisPerson] was a classmate with [Person]< [Desc]>< [Date]>< [PlaceDetails]>< [Place]>.',45823.20411157407216);
INSERT INTO FANTypeTable VALUES(8,'Coworkers','Coworker','Coworker','[ThisPerson] was a coworker of [Person]< [Desc]>< [Date]>< [PlaceDetails]>< [Place]>.','[ThisPerson] was a coworker of [Person]< [Desc]>< [Date]>< [PlaceDetails]>< [Place]>.',45823.20411157407216);
INSERT INTO FANTypeTable VALUES(9,'Apprenticeship','Master','Apprentice','[ThisPerson] trained [Person] as an apprentice< [Desc]>< [Date]>< [PlaceDetails]>< [Place]>.','[ThisPerson] served as an apprentice under [Person]< [Desc]>< [Date]>< [PlaceDetails]>< [Place]>.',45823.20411157407216);
INSERT INTO FANTypeTable VALUES(10,'Godparent','Godparent','Godchild','[ThisPerson] was a Godparent of [Person]< [Desc]>< [Date]>< [PlaceDetails]>< [Place]>.','[ThisPerson] was a Godchild of [Person]< [Desc]>< [Date]>< [PlaceDetails]>< [Place]>.',45823.20411157407216);
INSERT INTO FANTypeTable VALUES(11,'Relative','Relative','Relative','[ThisPerson] was a relative of [Person]< [Desc]>< [Date]>< [PlaceDetails]>< [Place]>.','[ThisPerson] was a relative of [Person]< [Desc]>< [Date]>< [PlaceDetails]>< [Place]>.',45823.20411157407216);
INSERT INTO FANTypeTable VALUES(12,'DNA Match','DNA match','DNA match','[ThisPerson] is a DNA match with [Person]< [Desc]>< [Date]>< [PlaceDetails]>< [Place]>.','[ThisPerson] is a DNA match with [Person]< [Desc]>< [Date]>< [PlaceDetails]>< [Place]>.',45823.20411157407216);
INSERT INTO FANTypeTable VALUES(13,'Medical','Doctor','Patient','[ThisPerson] was a doctor to [Person]< [Desc]>< [Date]>< [PlaceDetails]>< [Place]>.','[ThisPerson] was a patient of [Person]< [Desc]>< [Date]>< [PlaceDetails]>< [Place]>.',45823.20411157407216);
INSERT INTO FANTypeTable VALUES(14,'Grave neighbors','Burial','Burial','[ThisPerson] was buried near [Person]< [Desc]>< [Date]>< [PlaceDetails]>< [Place]>.','[ThisPerson] was buried near [Person]< [Desc]>< [Date]>< [PlaceDetails]>< [Place]>.',45823.20411157407216);
INSERT INTO FANTypeTable VALUES(15,'Rental','Landlord','Tenant','[ThisPerson] was a landlord of [Person]< [Desc]>< [Date]>< [PlaceDetails]>< [Place]>.','[ThisPerson] was a tenant of [Person]< [Desc]>< [Date]>< [PlaceDetails]>< [Place]>.',45823.20411157407216);
INSERT INTO FANTypeTable VALUES(999,'Associates','Associate','Associate','[ThisPerson] was an associate of [Person]< [Desc]>< [Date]>< [PlaceDetails]>< [Place]>.','[ThisPerson] was an associate of [Person]< [Desc]>< [Date]>< [PlaceDetails]>< [Place]>.',45823.20411157407216);
CREATE TABLE FANTable (FanID INTEGER PRIMARY KEY, ID1 INTEGER, ID2 INTEGER, FanTypeID INTEGER, PlaceID INTEGER, SiteID INTEGER, Date TEXT, SortDate BIGINT, Description TEXT, Note TEXT, UTCModDate FLOAT );
CREATE TABLE PayloadTable (RecID INTEGER PRIMARY KEY, RecType INTEGER, OwnerType INTEGER, OwnerID INTEGER, Title TEXT, DataRec BLOB, UTCModDate FLOAT );
CREATE TABLE DNATable (RecID INTEGER PRIMARY KEY, ID1 INTEGER, ID2 INTEGER, Label1 TEXT, Label2 TEXT, DNAProvider INTEGER, SharedCM FLOAT, SharedPercent FLOAT, LargeSeg FLOAT, SharedSegs INTEGER, Date TEXT, Relate1 INTEGER, Relate2 INTEGER, CommonAnc INTEGER, CommonAncType INTEGER, Verified INTEGER, Note TEXT, UTCModDate FLOAT );
CREATE TABLE HealthTable (RecID INTEGER PRIMARY KEY, OwnerID INTEGER, Condition INTEGER, SubCondition TEXT, Date FLOAT, Note TEXT, UTCModDate FLOAT );
CREATE INDEX idxAddressName ON AddressTable (Name);
CREATE INDEX idxLinkAncestryRmId ON AncestryTable (rmID);
CREATE INDEX idxLinkAncestryanID ON AncestryTable (anID);
CREATE INDEX idxChildID ON ChildTable (ChildID);
CREATE INDEX idxChildFamilyID ON ChildTable (FamilyID);
CREATE INDEX idxChildOrder ON ChildTable (ChildOrder);
CREATE INDEX idxCitationLinkOwnerID ON CitationLinkTable (OwnerID);
CREATE INDEX idxCitationSourceID ON CitationTable (SourceID);
CREATE INDEX idxCitationName ON CitationTable (CitationName);
CREATE INDEX idxRecType ON ConfigTable (RecType);
CREATE INDEX idxOwnerEvent ON EventTable (OwnerID,EventType);
CREATE INDEX idxOwnerDate ON EventTable (OwnerID,SortDate);
CREATE UNIQUE INDEX idxExclusionIndex ON ExclusionTable (ExclusionType, ID1, ID2);
CREATE INDEX idxFactTypeName ON FactTypeTable (Name);
CREATE INDEX idxFactTypeAbbrev ON FactTypeTable (Abbrev);
CREATE INDEX idxFactTypeGedcomTag ON FactTypeTable (GedcomTag);
CREATE INDEX idxLinkRmId ON FamilySearchTable (rmID);
CREATE INDEX idxLinkfsID ON FamilySearchTable (fsID);
CREATE INDEX idxFamilyFatherID ON FamilyTable (FatherID);
CREATE INDEX idxFamilyMotherID ON FamilyTable (MotherID);
CREATE INDEX idxMediaOwnerID ON MediaLinkTable (OwnerID);
CREATE INDEX idxMediaFile ON MultimediaTable (MediaFile);
CREATE INDEX idxMediaURL ON MultimediaTable (URL);
CREATE INDEX idxNameOwnerID ON NameTable (OwnerID);
CREATE INDEX idxSurname ON NameTable (Surname);
CREATE INDEX idxGiven ON NameTable (Given);
CREATE INDEX idxSurnameGiven ON NameTable (Surname, Given, BirthYear, DeathYear);
CREATE INDEX idxNamePrimary ON NameTable (IsPrimary);
CREATE INDEX idxSurnameMP ON NameTable (SurnameMP);
CREATE INDEX idxGivenMP ON NameTable (GivenMP);
CREATE INDEX idxSurnameGivenMP ON NameTable (SurnameMP, GivenMP, BirthYear, DeathYear);
CREATE INDEX idxPlaceName ON PlaceTable (Name);
CREATE INDEX idxReversePlaceName ON PlaceTable (Reverse);
CREATE INDEX idxPlaceAbbrev ON PlaceTable (Abbrev);
CREATE INDEX idxRoleEventType ON RoleTable (EventType);
CREATE INDEX idxSourceName ON SourceTable (Name);
CREATE INDEX idxSourceTemplateName ON SourceTemplateTable (Name);
CREATE INDEX idxTagType ON TagTable (TagType);
CREATE INDEX idxTaskOwnerID ON TaskLinkTable (OwnerID);
CREATE INDEX idxTaskName ON TaskTable (Name);
CREATE INDEX idxWitnessEventID ON WitnessTable (EventID);
CREATE INDEX idxWitnessPersonID ON WitnessTable (PersonID);
CREATE INDEX idxFANTypeName ON FANTypeTable (Name);
CREATE INDEX idxFanId1 ON FANTable (ID1);
CREATE INDEX idxFanId2 ON FANTable (ID2);
CREATE INDEX idxPayloadType ON PayloadTable (RecType);
CREATE INDEX idxDnaId1 ON DNATable (ID1);
CREATE INDEX idxDnaId2 ON DNATable (ID2);
CREATE INDEX idxHealthOwnerId ON HealthTable (OwnerID);
COMMIT;

